date;total_kwh;p_active;q_reactive;f_generatrice;f_reseau;u_rms_v;pwm;t_lgbt;type;cc
09/09/2023 00:01:16;56229;;;-;50.0;0;0;0;lion;23
09/09/2023 00:01:43;56229;;;-;49.98;0;0;0;lion;23
09/09/2023 00:02:10;56229;;;-;49.98;0;0;0;lion;23
09/09/2023 00:02:37;56229;;;-;50.02;0;0;0;lion;23
09/09/2023 00:03:04;56229;;;-;50.0;0;0;0;lion;23
09/09/2023 00:03:30;56229;;;-;50.0;0;0;0;lion;23
09/09/2023 00:03:57;56229;;;-;50.02;0;0;0;lion;23
09/09/2023 00:04:24;56229;;;-;50.0;0;0;0;lion;23
09/09/2023 00:04:51;56229;;;-;50.0;0;0;0;lion;23
09/09/2023 00:05:18;56229;;;-;50.0;0;0;0;lion;23
09/09/2023 00:05:45;56229;;;-;50.0;0;0;0;lion;23
09/09/2023 00:06:12;56229;;;-;50.0;0;0;0;lion;23
09/09/2023 00:06:39;56229;;;-;50.0;0;0;0;lion;23
09/09/2023 00:07:05;56229;;;-;50.0;0;0;0;lion;23
09/09/2023 00:07:32;56229;;;-;50.0;0;0;0;lion;23
09/09/2023 00:07:59;56229;;;-;50.0;0;0;0;lion;23
09/09/2023 00:08:26;56229;;;-;49.98;0;0;0;lion;23
09/09/2023 00:08:53;56229;;;-;50.0;0;0;0;lion;23
09/09/2023 00:09:20;56229;;;-;50.02;0;0;0;lion;23
09/09/2023 00:09:47;56229;;;-;50.02;0;0;0;lion;23
09/09/2023 00:10:14;56229;;;-;49.98;0;0;0;lion;23
09/09/2023 00:10:40;56229;;;-;49.98;0;0;0;lion;23
09/09/2023 00:11:07;56229;;;-;49.98;0;0;0;lion;23
09/09/2023 00:11:34;56229;;;-;49.98;0;0;0;lion;23
09/09/2023 00:12:01;56229;;;-;49.98;0;0;0;lion;23
09/09/2023 00:12:28;56229;;;-;50.0;0;0;0;lion;23
09/09/2023 00:12:55;56229;;;-;49.98;0;0;0;lion;23
09/09/2023 00:13:22;56229;;;-;49.98;0;0;0;lion;23
09/09/2023 00:13:49;56229;;;-;50.0;0;0;0;lion;23
09/09/2023 00:14:15;56229;;;-;50.0;0;0;0;lion;23
09/09/2023 00:14:42;56229;;;-;50.0;0;0;0;lion;23
09/09/2023 00:15:09;56229;;;-;50.02;0;0;0;lion;23
09/09/2023 00:15:36;56229;;;-;50.0;0;0;0;lion;23
09/09/2023 00:16:03;56229;;;-;50.0;0;0;0;lion;23
09/09/2023 00:16:30;56229;;;-;50.0;0;0;0;lion;23
09/09/2023 00:16:57;56229;;;-;50.0;0;0;0;lion;23
09/09/2023 00:17:24;56229;;;-;49.98;0;0;0;lion;23
09/09/2023 00:17:50;56229;;;-;50.0;0;0;0;lion;23
09/09/2023 00:18:17;56229;;;-;50.02;0;0;0;lion;23
09/09/2023 00:18:44;56229;;;-;50.02;0;0;0;lion;23
09/09/2023 00:19:11;56229;;;-;50.0;0;0;0;lion;23
09/09/2023 00:19:38;56229;;;-;50.0;0;0;0;lion;23
09/09/2023 00:20:05;56229;;;-;50.0;0;0;0;lion;23
09/09/2023 00:20:32;56229;;;-;50.0;0;0;0;lion;23
09/09/2023 00:20:59;56229;;;-;50.0;0;0;0;lion;23
09/09/2023 00:21:26;56229;;;-;49.98;0;0;0;lion;23
09/09/2023 00:21:53;56229;;;-;50.0;0;0;0;lion;23
09/09/2023 00:22:19;56229;;;-;50.0;0;0;0;lion;23
09/09/2023 00:22:46;56229;;;-;50.0;0;0;0;lion;23
09/09/2023 00:23:13;56229;;;-;50.0;0;0;0;lion;23
09/09/2023 00:23:40;56229;;;-;50.02;0;0;0;lion;23
09/09/2023 00:24:07;56229;;;-;50.02;0;0;0;lion;23
09/09/2023 00:24:34;56229;;;-;50.02;0;0;0;lion;23
09/09/2023 00:25:01;56229;;;-;50.02;0;0;0;lion;23
09/09/2023 00:25:27;56229;;;-;50.02;0;0;0;lion;23
09/09/2023 00:25:54;56229;;;-;50.02;0;0;0;lion;23
09/09/2023 00:26:21;56229;;;-;50.02;0;0;0;lion;23
09/09/2023 00:26:48;56229;;;-;50.02;0;0;0;lion;23
09/09/2023 00:27:15;56229;;;-;50.0;0;0;0;lion;23
09/09/2023 00:27:42;56229;;;-;50.02;0;0;0;lion;23
09/09/2023 00:28:09;56229;;;-;50.0;0;0;0;lion;23
09/09/2023 00:28:36;56229;;;-;50.0;0;0;0;lion;23
09/09/2023 00:29:03;56229;;;-;50.02;0;0;0;lion;23
09/09/2023 00:29:30;56229;;;-;50.02;0;0;0;lion;23
09/09/2023 00:29:56;56229;;;-;50.02;0;0;0;lion;23
09/09/2023 00:30:23;56229;;;-;50.02;0;0;0;lion;23
09/09/2023 00:30:50;56229;;;-;49.98;0;0;0;lion;23
09/09/2023 00:31:17;56229;;;-;49.98;0;0;0;lion;23
09/09/2023 00:31:44;56229;;;-;49.98;0;0;0;lion;23
09/09/2023 00:32:11;56229;;;-;49.96;0;0;0;lion;23
09/09/2023 00:32:38;56229;;;-;49.98;0;0;0;lion;23
09/09/2023 00:33:05;56229;;;-;49.98;0;0;0;lion;23
09/09/2023 00:33:31;56229;;;-;49.98;0;0;0;lion;23
09/09/2023 00:33:58;56229;;;-;50.0;0;0;0;lion;23
09/09/2023 00:34:26;56229;;;-;49.98;0;0;0;lion;23
09/09/2023 00:34:53;56229;;;-;49.98;0;0;0;lion;23
09/09/2023 00:35:19;56229;;;-;49.98;0;0;0;lion;23
09/09/2023 00:35:46;56229;;;-;50.0;0;0;0;lion;23
09/09/2023 00:36:13;56229;;;-;50.0;0;0;0;lion;23
09/09/2023 00:36:40;56229;;;-;50.02;0;0;0;lion;23
09/09/2023 00:37:07;56229;;;-;49.98;0;0;0;lion;23
09/09/2023 00:37:34;56229;;;-;50.02;0;0;0;lion;23
09/09/2023 00:38:01;56229;;;-;50.0;0;0;0;lion;23
09/09/2023 00:38:28;56229;;;-;50.02;0;0;0;lion;23
09/09/2023 00:38:55;56229;;;-;50.02;0;0;0;lion;23
09/09/2023 00:39:22;56229;;;-;50.02;0;0;0;lion;23
09/09/2023 00:39:48;56229;;;-;50.02;0;0;0;lion;23
09/09/2023 00:40:15;56229;;;-;50.02;0;0;0;lion;23
09/09/2023 00:40:42;56229;;;-;50.02;0;0;0;lion;23
09/09/2023 00:41:09;56229;;;-;50.02;0;0;0;lion;23
09/09/2023 00:41:36;56229;;;-;50.02;0;0;0;lion;23
09/09/2023 00:42:03;56229;;;-;50.0;0;0;0;lion;23
09/09/2023 00:42:30;56229;;;-;50.02;0;0;0;lion;23
09/09/2023 00:42:57;56229;;;-;50.02;0;0;0;lion;23
09/09/2023 00:43:23;56229;;;-;50.02;0;0;0;lion;23
09/09/2023 00:43:50;56229;;;-;50.02;0;0;0;lion;23
09/09/2023 00:44:17;56229;;;-;50.02;0;0;0;lion;23
09/09/2023 00:44:44;56229;;;-;50.02;0;0;0;lion;23
09/09/2023 00:45:11;56229;;;-;50.02;0;0;0;lion;23
09/09/2023 00:45:38;56229;;;-;49.98;0;0;0;lion;23
09/09/2023 00:46:05;56229;;;-;50.0;0;0;0;lion;23
09/09/2023 00:46:32;56229;;;-;50.0;0;0;0;lion;23
09/09/2023 00:46:58;56229;;;-;50.0;0;0;0;lion;23
09/09/2023 00:47:25;56229;;;-;50.0;0;0;0;lion;23
09/09/2023 00:47:52;56229;;;-;50.02;0;0;0;lion;23
09/09/2023 00:48:19;56229;;;-;50.02;0;0;0;lion;23
09/09/2023 00:48:46;56229;;;-;50.02;0;0;0;lion;23
09/09/2023 00:49:13;56229;;;-;50.0;0;0;0;lion;23
09/09/2023 00:49:40;56229;;;-;50.02;0;0;0;lion;23
09/09/2023 00:50:07;56229;;;-;50.0;0;0;0;lion;23
09/09/2023 00:50:34;56229;;;-;50.0;0;0;0;lion;23
09/09/2023 00:51:01;56229;;;-;50.0;0;0;0;lion;23
09/09/2023 00:51:28;56229;;;-;50.0;0;0;0;lion;23
09/09/2023 00:51:55;56229;;;-;50.0;0;0;0;lion;23
09/09/2023 00:52:21;56229;;;-;50.0;0;0;0;lion;23
09/09/2023 00:52:48;56229;;;-;50.0;0;0;0;lion;23
09/09/2023 00:53:15;56229;;;-;50.02;0;0;0;lion;23
09/09/2023 00:53:42;56229;;;-;50.02;0;0;0;lion;23
09/09/2023 00:54:09;56229;;;-;50.02;0;0;0;lion;23
09/09/2023 00:54:36;56229;;;-;50.0;0;0;0;lion;23
09/09/2023 00:55:03;56229;;;-;50.0;0;0;0;lion;23
09/09/2023 00:55:29;56229;;;-;50.02;0;0;0;lion;23
09/09/2023 00:55:56;56229;;;-;50.02;0;0;0;lion;23
09/09/2023 00:56:23;56229;;;-;50.0;0;0;0;lion;23
09/09/2023 00:56:50;56229;;;-;50.02;0;0;0;lion;23
09/09/2023 00:57:17;56229;;;-;50.0;0;0;0;lion;23
09/09/2023 00:57:44;56229;;;-;50.02;0;0;0;lion;23
09/09/2023 00:58:11;56229;;;-;50.02;0;0;0;lion;23
09/09/2023 00:58:38;56229;;;-;50.0;0;0;0;lion;23
09/09/2023 00:59:05;56229;;;-;50.02;0;0;0;lion;23
09/09/2023 00:59:31;56229;;;-;50.02;0;0;0;lion;23
09/09/2023 00:59:58;56229;;;-;50.02;0;0;0;lion;23
09/09/2023 01:00:25;56229;;;-;49.94;0;0;0;lion;23
09/09/2023 01:00:52;56229;;;-;49.94;0;0;0;lion;23
09/09/2023 01:01:19;56229;;;-;49.94;0;0;0;lion;23
09/09/2023 01:01:46;56229;;;-;49.96;0;0;0;lion;23
09/09/2023 01:02:13;56229;;;-;49.96;0;0;0;lion;23
09/09/2023 01:02:40;56229;;;-;49.96;0;0;0;lion;23
09/09/2023 01:03:06;56229;;;-;49.96;0;0;0;lion;23
09/09/2023 01:03:33;56229;;;-;49.96;0;0;0;lion;23
09/09/2023 01:04:00;56229;;;-;49.98;0;0;0;lion;23
09/09/2023 01:04:27;56229;;;-;49.98;0;0;0;lion;23
09/09/2023 01:04:54;56229;;;-;49.98;0;0;0;lion;23
09/09/2023 01:05:21;56229;;;-;49.98;0;0;0;lion;23
09/09/2023 01:05:48;56229;;;-;49.98;0;0;0;lion;23
09/09/2023 01:06:15;56229;;;-;49.98;0;0;0;lion;23
09/09/2023 01:06:42;56229;;;-;49.98;0;0;0;lion;23
09/09/2023 01:07:08;56229;;;-;50.0;0;0;0;lion;23
09/09/2023 01:07:35;56229;;;-;49.98;0;0;0;lion;23
09/09/2023 01:08:02;56229;;;-;49.98;0;0;0;lion;23
09/09/2023 01:08:29;56229;;;-;49.98;0;0;0;lion;23
09/09/2023 01:08:56;56229;;;-;50.0;0;0;0;lion;23
09/09/2023 01:09:23;56229;;;-;49.98;0;0;0;lion;23
09/09/2023 01:09:50;56229;;;-;50.0;0;0;0;lion;23
09/09/2023 01:10:17;56229;;;-;50.0;0;0;0;lion;23
09/09/2023 01:10:43;56229;;;-;50.02;0;0;0;lion;23
09/09/2023 01:11:10;56229;;;-;50.02;0;0;0;lion;23
09/09/2023 01:11:37;56229;;;-;50.02;0;0;0;lion;23
09/09/2023 01:12:04;56229;;;-;50.02;0;0;0;lion;23
09/09/2023 01:12:31;56229;;;-;50.02;0;0;0;lion;23
09/09/2023 01:12:58;56229;;;-;50.02;0;0;0;lion;23
09/09/2023 01:13:25;56229;;;-;50.02;0;0;0;lion;23
09/09/2023 01:13:51;56229;;;-;50.02;0;0;0;lion;23
09/09/2023 01:14:18;56229;;;-;50.02;0;0;0;lion;23
09/09/2023 01:14:45;56229;;;-;50.0;0;0;0;lion;23
09/09/2023 01:15:12;56229;;;-;50.0;0;0;0;lion;23
09/09/2023 01:15:39;56229;;;-;49.98;0;0;0;lion;23
09/09/2023 01:16:06;56229;;;-;50.0;0;0;0;lion;23
09/09/2023 01:16:33;56229;;;-;50.0;0;0;0;lion;23
09/09/2023 01:17:00;56229;;;-;50.0;0;0;0;lion;23
09/09/2023 01:17:26;56229;;;-;50.0;0;0;0;lion;23
09/09/2023 01:17:53;56229;;;-;50.02;0;0;0;lion;23
09/09/2023 01:18:20;56229;;;-;50.02;0;0;0;lion;23
09/09/2023 01:18:47;56229;;;-;50.0;0;0;0;lion;23
09/09/2023 01:19:14;56229;;;-;50.0;0;0;0;lion;23
09/09/2023 01:19:41;56229;;;-;50.0;0;0;0;lion;23
09/09/2023 01:20:08;56229;;;-;50.0;0;0;0;lion;23
09/09/2023 01:20:35;56229;;;-;50.0;0;0;0;lion;23
09/09/2023 01:21:02;56229;;;-;50.0;0;0;0;lion;23
09/09/2023 01:21:29;56229;;;-;50.0;0;0;0;lion;23
09/09/2023 01:21:56;56229;;;-;49.98;0;0;0;lion;23
09/09/2023 01:22:22;56229;;;-;49.98;0;0;0;lion;23
09/09/2023 01:22:49;56229;;;-;50.0;0;0;0;lion;23
09/09/2023 01:23:16;56229;;;-;50.0;0;0;0;lion;23
09/09/2023 01:23:43;56229;;;-;50.0;0;0;0;lion;23
09/09/2023 01:24:10;56229;;;-;50.0;0;0;0;lion;23
09/09/2023 01:24:37;56229;;;-;49.98;0;0;0;lion;23
09/09/2023 01:25:04;56229;;;-;50.0;0;0;0;lion;23
09/09/2023 01:25:31;56229;;;-;50.0;0;0;0;lion;23
09/09/2023 01:25:58;56229;;;-;49.98;0;0;0;lion;23
09/09/2023 01:26:25;56229;;;-;49.98;0;0;0;lion;23
09/09/2023 01:26:51;56229;;;-;50.0;0;0;0;lion;23
09/09/2023 01:27:18;56229;;;-;50.0;0;0;0;lion;23
09/09/2023 01:27:45;56229;;;-;50.0;0;0;0;lion;23
09/09/2023 01:28:12;56229;;;-;50.02;0;0;0;lion;23
09/09/2023 01:28:39;56229;;;-;50.02;0;0;0;lion;23
09/09/2023 01:29:06;56229;;;-;50.04;0;0;0;lion;23
09/09/2023 01:29:33;56229;;;-;50.0;0;0;0;lion;23
09/09/2023 01:29:59;56229;;;-;50.02;0;0;0;lion;23
09/09/2023 01:30:26;56229;;;-;50.0;0;0;0;lion;23
09/09/2023 01:30:53;56229;;;-;49.98;0;0;0;lion;23
09/09/2023 01:31:20;56229;;;-;49.98;0;0;0;lion;23
09/09/2023 01:31:47;56229;;;-;49.98;0;0;0;lion;23
09/09/2023 01:32:14;56229;;;-;50.0;0;0;0;lion;23
09/09/2023 01:32:41;56229;;;-;50.0;0;0;0;lion;23
09/09/2023 01:33:07;56229;;;-;49.98;0;0;0;lion;23
09/09/2023 01:33:34;56229;;;-;49.98;0;0;0;lion;23
09/09/2023 01:34:01;56229;;;-;50.0;0;0;0;lion;23
09/09/2023 01:34:28;56229;;;-;49.98;0;0;0;lion;23
09/09/2023 01:34:55;56229;;;-;50.0;0;0;0;lion;23
09/09/2023 01:35:22;56229;;;-;49.98;0;0;0;lion;23
09/09/2023 01:35:49;56229;;;-;49.98;0;0;0;lion;23
09/09/2023 01:36:16;56229;;;-;50.0;0;0;0;lion;23
09/09/2023 01:36:43;56229;;;-;50.0;0;0;0;lion;23
09/09/2023 01:37:09;56229;;;-;50.0;0;0;0;lion;23
09/09/2023 01:37:36;56229;;;-;50.0;0;0;0;lion;23
09/09/2023 01:38:03;56229;;;-;50.02;0;0;0;lion;23
09/09/2023 01:38:30;56229;;;-;50.0;0;0;0;lion;23
09/09/2023 01:38:57;56229;;;-;50.0;0;0;0;lion;23
09/09/2023 01:39:24;56229;;;-;50.0;0;0;0;lion;23
09/09/2023 01:39:51;56229;;;-;50.0;0;0;0;lion;23
09/09/2023 01:40:18;56229;;;-;50.0;0;0;0;lion;23
09/09/2023 01:40:44;56229;;;-;49.98;0;0;0;lion;23
09/09/2023 01:41:11;56229;;;-;50.0;0;0;0;lion;23
09/09/2023 01:41:38;56229;;;-;50.0;0;0;0;lion;23
09/09/2023 01:42:05;56229;;;-;50.0;0;0;0;lion;23
09/09/2023 01:42:32;56229;;;-;50.0;0;0;0;lion;23
09/09/2023 01:42:59;56229;;;-;50.0;0;0;0;lion;23
09/09/2023 01:43:26;56229;;;-;50.0;0;0;0;lion;23
09/09/2023 01:43:53;56229;;;-;50.0;0;0;0;lion;23
09/09/2023 01:44:20;56229;;;-;50.02;0;0;0;lion;23
09/09/2023 01:44:46;56229;;;-;50.02;0;0;0;lion;23
09/09/2023 01:45:13;56229;;;-;50.0;0;0;0;lion;23
09/09/2023 01:45:40;56229;;;-;50.0;0;0;0;lion;23
09/09/2023 01:46:07;56229;;;-;50.02;0;0;0;lion;23
09/09/2023 01:46:34;56229;;;-;50.02;0;0;0;lion;23
09/09/2023 01:47:01;56229;;;-;50.02;0;0;0;lion;23
09/09/2023 01:47:28;56229;;;-;50.02;0;0;0;lion;23
09/09/2023 01:47:55;56229;;;-;50.02;0;0;0;lion;23
09/09/2023 01:48:21;56229;;;-;50.0;0;0;0;lion;23
09/09/2023 01:48:48;56229;;;-;50.0;0;0;0;lion;23
09/09/2023 01:49:15;56229;;;-;50.0;0;0;0;lion;23
09/09/2023 01:49:42;56229;;;-;50.02;0;0;0;lion;23
09/09/2023 01:50:09;56229;;;-;50.02;0;0;0;lion;23
09/09/2023 01:50:36;56229;;;-;50.0;0;0;0;lion;23
09/09/2023 01:51:03;56229;;;-;50.0;0;0;0;lion;23
09/09/2023 01:51:30;56229;;;-;50.0;0;0;0;lion;23
09/09/2023 01:51:57;56229;;;-;50.0;0;0;0;lion;23
09/09/2023 01:52:24;56229;;;-;50.0;0;0;0;lion;23
09/09/2023 01:52:51;56229;;;-;50.02;0;0;0;lion;23
09/09/2023 01:53:17;56229;;;-;50.02;0;0;0;lion;23
09/09/2023 01:53:44;56229;;;-;50.02;0;0;0;lion;23
09/09/2023 01:54:11;56229;;;-;50.02;0;0;0;lion;23
09/09/2023 01:54:38;56229;;;-;50.02;0;0;0;lion;23
09/09/2023 01:55:05;56229;;;-;50.02;0;0;0;lion;23
09/09/2023 01:55:32;56229;;;-;50.02;0;0;0;lion;23
09/09/2023 01:55:59;56229;;;-;50.02;0;0;0;lion;23
09/09/2023 01:56:25;56229;;;-;50.02;0;0;0;lion;23
09/09/2023 01:56:52;56229;;;-;50.0;0;0;0;lion;23
09/09/2023 01:57:19;56229;;;-;50.02;0;0;0;lion;23
09/09/2023 01:57:46;56229;;;-;50.0;0;0;0;lion;23
09/09/2023 01:58:13;56229;;;-;50.0;0;0;0;lion;23
09/09/2023 01:58:40;56229;;;-;50.0;0;0;0;lion;23
09/09/2023 01:59:06;56229;;;-;50.0;0;0;0;lion;23
09/09/2023 01:59:33;56229;;;-;50.0;0;0;0;lion;23
09/09/2023 02:00:00;56229;;;-;50.0;0;0;0;lion;23
09/09/2023 02:00:27;56229;;;-;49.96;0;0;0;lion;23
09/09/2023 02:00:54;56229;;;-;49.96;0;0;0;lion;23
09/09/2023 02:01:21;56229;;;-;49.96;0;0;0;lion;23
09/09/2023 02:01:48;56229;;;-;49.96;0;0;0;lion;23
09/09/2023 02:02:15;56229;;;-;49.96;0;0;0;lion;23
09/09/2023 02:02:42;56229;;;-;49.96;0;0;0;lion;23
09/09/2023 02:03:09;56229;;;-;49.98;0;0;0;lion;23
09/09/2023 02:03:36;56229;;;-;49.96;0;0;0;lion;23
09/09/2023 02:04:02;56229;;;-;49.98;0;0;0;lion;23
09/09/2023 02:04:29;56229;;;-;49.96;0;0;0;lion;23
09/09/2023 02:04:56;56229;;;-;49.96;0;0;0;lion;23
09/09/2023 02:05:23;56229;;;-;49.96;0;0;0;lion;23
09/09/2023 02:05:50;56229;;;-;49.94;0;0;0;lion;23
09/09/2023 02:06:17;56229;;;-;49.96;0;0;0;lion;23
09/09/2023 02:06:44;56229;;;-;49.96;0;0;0;lion;23
09/09/2023 02:07:11;56229;;;-;49.96;0;0;0;lion;23
09/09/2023 02:07:38;56229;;;-;49.98;0;0;0;lion;23
09/09/2023 02:08:05;56229;;;-;49.98;0;0;0;lion;23
09/09/2023 02:08:32;56229;;;-;49.98;0;0;0;lion;23
09/09/2023 02:08:59;56229;;;-;49.98;0;0;0;lion;23
09/09/2023 02:09:25;56229;;;-;49.98;0;0;0;lion;23
09/09/2023 02:09:52;56229;;;-;49.98;0;0;0;lion;23
09/09/2023 02:10:19;56229;;;-;49.98;0;0;0;lion;23
09/09/2023 02:10:46;56229;;;-;49.98;0;0;0;lion;23
09/09/2023 02:11:13;56229;;;-;49.98;0;0;0;lion;23
09/09/2023 02:11:40;56229;;;-;49.98;0;0;0;lion;23
09/09/2023 02:12:07;56229;;;-;49.98;0;0;0;lion;23
09/09/2023 02:12:34;56229;;;-;49.98;0;0;0;lion;23
09/09/2023 02:13:01;56229;;;-;50.0;0;0;0;lion;23
09/09/2023 02:13:28;56229;;;-;50.0;0;0;0;lion;23
09/09/2023 02:13:55;56229;;;-;50.02;0;0;0;lion;23
09/09/2023 02:14:22;56229;;;-;50.04;0;0;0;lion;23
09/09/2023 02:14:48;56229;;;-;50.02;0;0;0;lion;23
09/09/2023 02:15:15;56229;;;-;50.02;0;0;0;lion;23
09/09/2023 02:15:42;56229;;;-;50.0;0;0;0;lion;23
09/09/2023 02:16:09;56229;;;-;50.0;0;0;0;lion;23
09/09/2023 02:16:36;56229;;;-;50.0;0;0;0;lion;23
09/09/2023 02:17:03;56229;;;-;50.02;0;0;0;lion;23
09/09/2023 02:17:30;56229;;;-;50.0;0;0;0;lion;23
09/09/2023 02:17:57;56229;;;-;50.0;0;0;0;lion;23
09/09/2023 02:18:23;56229;;;-;49.98;0;0;0;lion;23
09/09/2023 02:18:50;56229;;;-;50.0;0;0;0;lion;23
09/09/2023 02:19:17;56229;;;-;50.0;0;0;0;lion;23
09/09/2023 02:19:44;56229;;;-;50.0;0;0;0;lion;23
09/09/2023 02:20:11;56229;;;-;50.0;0;0;0;lion;23
09/09/2023 02:20:38;56229;;;-;50.0;0;0;0;lion;23
09/09/2023 02:21:05;56229;;;-;50.0;0;0;0;lion;23
09/09/2023 02:21:32;56229;;;-;50.02;0;0;0;lion;23
09/09/2023 02:21:59;56229;;;-;50.0;0;0;0;lion;23
09/09/2023 02:22:26;56229;;;-;50.0;0;0;0;lion;23
09/09/2023 02:22:53;56229;;;-;50.02;0;0;0;lion;23
09/09/2023 02:23:20;56229;;;-;50.02;0;0;0;lion;23
09/09/2023 02:23:47;56229;;;-;50.0;0;0;0;lion;23
09/09/2023 02:24:13;56229;;;-;49.98;0;0;0;lion;23
09/09/2023 02:24:40;56229;;;-;50.0;0;0;0;lion;23
09/09/2023 02:25:07;56229;;;-;50.0;0;0;0;lion;23
09/09/2023 02:25:34;56229;;;-;50.0;0;0;0;lion;23
09/09/2023 02:26:01;56229;;;-;49.98;0;0;0;lion;23
09/09/2023 02:26:28;56229;;;-;49.98;0;0;0;lion;23
09/09/2023 02:26:55;56229;;;-;49.98;0;0;0;lion;23
09/09/2023 02:27:22;56229;;;-;50.0;0;0;0;lion;23
09/09/2023 02:27:49;56229;;;-;50.0;0;0;0;lion;23
09/09/2023 02:28:16;56229;;;-;50.0;0;0;0;lion;23
09/09/2023 02:28:42;56229;;;-;50.0;0;0;0;lion;23
09/09/2023 02:29:09;56229;;;-;50.0;0;0;0;lion;23
09/09/2023 02:29:36;56229;;;-;49.98;0;0;0;lion;23
09/09/2023 02:30:03;56229;;;-;50.0;0;0;0;lion;23
09/09/2023 02:30:30;56229;;;-;49.98;0;0;0;lion;23
09/09/2023 02:30:57;56229;;;-;49.98;0;0;0;lion;23
09/09/2023 02:31:23;56229;;;-;49.96;0;0;0;lion;23
09/09/2023 02:31:50;56229;;;-;49.98;0;0;0;lion;23
09/09/2023 02:32:17;56229;;;-;49.98;0;0;0;lion;23
09/09/2023 02:32:44;56229;;;-;50.0;0;0;0;lion;23
09/09/2023 02:33:11;56229;;;-;50.0;0;0;0;lion;23
09/09/2023 02:33:38;56229;;;-;49.96;0;0;0;lion;23
09/09/2023 02:34:05;56229;;;-;49.98;0;0;0;lion;23
09/09/2023 02:34:31;56229;;;-;49.98;0;0;0;lion;23
09/09/2023 02:34:58;56229;;;-;50.0;0;0;0;lion;23
09/09/2023 02:35:25;56229;;;-;49.98;0;0;0;lion;23
09/09/2023 02:35:52;56229;;;-;50.0;0;0;0;lion;23
09/09/2023 02:36:19;56229;;;-;49.98;0;0;0;lion;23
09/09/2023 02:36:46;56229;;;-;50.0;0;0;0;lion;23
09/09/2023 02:37:13;56229;;;-;50.0;0;0;0;lion;23
09/09/2023 02:37:40;56229;;;-;50.0;0;0;0;lion;23
09/09/2023 02:38:07;56229;;;-;50.0;0;0;0;lion;23
09/09/2023 02:38:34;56229;;;-;49.98;0;0;0;lion;23
09/09/2023 02:39:01;56229;;;-;50.0;0;0;0;lion;23
09/09/2023 02:39:27;56229;;;-;49.98;0;0;0;lion;23
09/09/2023 02:39:54;56229;;;-;49.96;0;0;0;lion;23
09/09/2023 02:40:21;56229;;;-;49.98;0;0;0;lion;23
09/09/2023 02:40:48;56229;;;-;49.98;0;0;0;lion;23
09/09/2023 02:41:15;56229;;;-;49.98;0;0;0;lion;23
09/09/2023 02:41:42;56229;;;-;50.02;0;0;0;lion;23
09/09/2023 02:42:09;56229;;;-;49.98;0;0;0;lion;23
09/09/2023 02:42:36;56229;;;-;49.98;0;0;0;lion;23
09/09/2023 02:43:02;56229;;;-;50.0;0;0;0;lion;23
09/09/2023 02:43:29;56229;;;-;50.0;0;0;0;lion;23
09/09/2023 02:43:56;56229;;;-;49.98;0;0;0;lion;23
09/09/2023 02:44:23;56229;;;-;50.0;0;0;0;lion;23
09/09/2023 02:44:50;56229;;;-;50.0;0;0;0;lion;23
09/09/2023 02:45:17;56229;;;-;50.0;0;0;0;lion;23
09/09/2023 02:45:44;56229;;;-;49.98;0;0;0;lion;23
09/09/2023 02:46:11;56229;;;-;50.02;0;0;0;lion;23
09/09/2023 02:46:38;56229;;;-;50.0;0;0;0;lion;23
09/09/2023 02:47:05;56229;;;-;50.0;0;0;0;lion;23
09/09/2023 02:47:32;56229;;;-;50.0;0;0;0;lion;23
09/09/2023 02:47:58;56229;;;-;50.0;0;0;0;lion;23
09/09/2023 02:48:25;56229;;;-;50.0;0;0;0;lion;23
09/09/2023 02:48:52;56229;;;-;50.0;0;0;0;lion;23
09/09/2023 02:49:19;56229;;;-;50.0;0;0;0;lion;23
09/09/2023 02:49:46;56229;;;-;50.0;0;0;0;lion;23
09/09/2023 02:50:13;56229;;;-;50.0;0;0;0;lion;23
09/09/2023 02:50:40;56229;;;-;50.0;0;0;0;lion;23
09/09/2023 02:51:07;56229;;;-;50.0;0;0;0;lion;23
09/09/2023 02:51:34;56229;;;-;50.0;0;0;0;lion;23
09/09/2023 02:52:00;56229;;;-;50.0;0;0;0;lion;23
09/09/2023 02:52:27;56229;;;-;50.0;0;0;0;lion;23
09/09/2023 02:52:54;56229;;;-;50.0;0;0;0;lion;23
09/09/2023 02:53:21;56229;;;-;50.0;0;0;0;lion;23
09/09/2023 02:53:48;56229;;;-;50.0;0;0;0;lion;23
09/09/2023 02:54:15;56229;;;-;50.0;0;0;0;lion;23
09/09/2023 02:54:42;56229;;;-;50.0;0;0;0;lion;23
09/09/2023 02:55:09;56229;;;-;50.0;0;0;0;lion;23
09/09/2023 02:55:36;56229;;;-;50.0;0;0;0;lion;23
09/09/2023 02:56:02;56229;;;-;50.02;0;0;0;lion;23
09/09/2023 02:56:29;56229;;;-;50.0;0;0;0;lion;23
09/09/2023 02:56:56;56229;;;-;50.0;0;0;0;lion;23
09/09/2023 02:57:23;56229;;;-;50.0;0;0;0;lion;23
09/09/2023 02:57:50;56229;;;-;50.02;0;0;0;lion;23
09/09/2023 02:58:17;56229;;;-;50.0;0;0;0;lion;23
09/09/2023 02:58:44;56229;;;-;50.0;0;0;0;lion;23
09/09/2023 02:59:11;56229;;;-;50.0;0;0;0;lion;23
09/09/2023 02:59:38;56229;;;-;50.02;0;0;0;lion;23
09/09/2023 03:00:04;56229;;;-;50.0;0;0;0;lion;23
09/09/2023 03:00:31;56229;;;-;49.98;0;0;0;lion;23
09/09/2023 03:00:58;56229;;;-;49.98;0;0;0;lion;23
09/09/2023 03:01:25;56229;;;-;49.98;0;0;0;lion;23
09/09/2023 03:01:52;56229;;;-;49.98;0;0;0;lion;23
09/09/2023 03:02:19;56229;;;-;49.98;0;0;0;lion;23
09/09/2023 03:02:46;56229;;;-;50.0;0;0;0;lion;23
09/09/2023 03:03:13;56229;;;-;50.0;0;0;0;lion;23
09/09/2023 03:03:39;56229;;;-;49.98;0;0;0;lion;23
09/09/2023 03:04:06;56229;;;-;50.0;0;0;0;lion;23
09/09/2023 03:04:33;56229;;;-;49.98;0;0;0;lion;23
09/09/2023 03:05:00;56229;;;-;50.0;0;0;0;lion;23
09/09/2023 03:05:27;56229;;;-;50.0;0;0;0;lion;23
09/09/2023 03:05:54;56229;;;-;50.0;0;0;0;lion;23
09/09/2023 03:06:21;56229;;;-;50.0;0;0;0;lion;23
09/09/2023 03:06:48;56229;;;-;50.0;0;0;0;lion;23
09/09/2023 03:07:15;56229;;;-;49.98;0;0;0;lion;23
09/09/2023 03:07:42;56229;;;-;49.98;0;0;0;lion;23
09/09/2023 03:08:09;56229;;;-;49.98;0;0;0;lion;23
09/09/2023 03:08:36;56229;;;-;50.0;0;0;0;lion;23
09/09/2023 03:09:03;56229;;;-;50.0;0;0;0;lion;23
09/09/2023 03:09:29;56229;;;-;50.0;0;0;0;lion;23
09/09/2023 03:09:56;56229;;;-;50.0;0;0;0;lion;23
09/09/2023 03:10:23;56229;;;-;50.0;0;0;0;lion;23
09/09/2023 03:10:50;56229;;;-;49.98;0;0;0;lion;23
09/09/2023 03:11:17;56229;;;-;50.0;0;0;0;lion;23
09/09/2023 03:11:44;56229;;;-;50.0;0;0;0;lion;23
09/09/2023 03:12:11;56229;;;-;50.0;0;0;0;lion;23
09/09/2023 03:12:38;56229;;;-;49.98;0;0;0;lion;23
09/09/2023 03:13:04;56229;;;-;50.0;0;0;0;lion;23
09/09/2023 03:13:31;56229;;;-;50.0;0;0;0;lion;23
09/09/2023 03:13:58;56229;;;-;50.0;0;0;0;lion;23
09/09/2023 03:14:25;56229;;;-;50.0;0;0;0;lion;23
09/09/2023 03:14:52;56229;;;-;50.02;0;0;0;lion;23
09/09/2023 03:15:19;56229;;;-;50.0;0;0;0;lion;23
09/09/2023 03:15:46;56229;;;-;50.02;0;0;0;lion;23
09/09/2023 03:16:13;56229;;;-;50.02;0;0;0;lion;23
09/09/2023 03:16:39;56229;;;-;50.0;0;0;0;lion;23
09/09/2023 03:17:06;56229;;;-;50.0;0;0;0;lion;23
09/09/2023 03:17:33;56229;;;-;50.0;0;0;0;lion;23
09/09/2023 03:18:00;56229;;;-;50.0;0;0;0;lion;23
09/09/2023 03:18:27;56229;;;-;50.02;0;0;0;lion;23
09/09/2023 03:18:54;56229;;;-;50.02;0;0;0;lion;23
09/09/2023 03:19:21;56229;;;-;50.0;0;0;0;lion;23
09/09/2023 03:19:48;56229;;;-;50.02;0;0;0;lion;23
09/09/2023 03:20:15;56229;;;-;50.0;0;0;0;lion;23
09/09/2023 03:20:42;56229;;;-;50.0;0;0;0;lion;23
09/09/2023 03:21:09;56229;;;-;50.0;0;0;0;lion;23
09/09/2023 03:21:36;56229;;;-;50.0;0;0;0;lion;23
09/09/2023 03:22:03;56229;;;-;50.0;0;0;0;lion;23
09/09/2023 03:22:30;56229;;;-;50.0;0;0;0;lion;23
09/09/2023 03:22:57;56229;;;-;50.0;0;0;0;lion;23
09/09/2023 03:23:23;56229;;;-;50.0;0;0;0;lion;23
09/09/2023 03:23:50;56229;;;-;49.98;0;0;0;lion;23
09/09/2023 03:24:17;56229;;;-;50.0;0;0;0;lion;23
09/09/2023 03:24:44;56229;;;-;50.0;0;0;0;lion;23
09/09/2023 03:25:11;56229;;;-;50.0;0;0;0;lion;23
09/09/2023 03:25:38;56229;;;-;50.02;0;0;0;lion;23
09/09/2023 03:26:05;56229;;;-;50.0;0;0;0;lion;23
09/09/2023 03:26:32;56229;;;-;50.0;0;0;0;lion;23
09/09/2023 03:26:59;56229;;;-;50.0;0;0;0;lion;23
09/09/2023 03:27:25;56229;;;-;50.0;0;0;0;lion;23
09/09/2023 03:27:52;56229;;;-;50.02;0;0;0;lion;23
09/09/2023 03:28:19;56229;;;-;50.0;0;0;0;lion;23
09/09/2023 03:28:46;56229;;;-;50.0;0;0;0;lion;23
09/09/2023 03:29:13;56229;;;-;50.0;0;0;0;lion;23
09/09/2023 03:29:40;56229;;;-;50.0;0;0;0;lion;23
09/09/2023 03:30:07;56229;;;-;49.98;0;0;0;lion;23
09/09/2023 03:30:34;56229;;;-;49.98;0;0;0;lion;23
09/09/2023 03:31:01;56229;;;-;49.98;0;0;0;lion;23
09/09/2023 03:31:28;56229;;;-;49.98;0;0;0;lion;23
09/09/2023 03:31:54;56229;;;-;49.98;0;0;0;lion;23
09/09/2023 03:32:21;56229;;;-;49.98;0;0;0;lion;23
09/09/2023 03:32:48;56229;;;-;49.98;0;0;0;lion;23
09/09/2023 03:33:15;56229;;;-;49.96;0;0;0;lion;23
09/09/2023 03:33:42;56229;;;-;49.96;0;0;0;lion;23
09/09/2023 03:34:09;56229;;;-;49.98;0;0;0;lion;23
09/09/2023 03:34:36;56229;;;-;49.98;0;0;0;lion;23
09/09/2023 03:35:03;56229;;;-;49.98;0;0;0;lion;23
09/09/2023 03:35:29;56229;;;-;50.0;0;0;0;lion;23
09/09/2023 03:35:56;56229;;;-;50.0;0;0;0;lion;23
09/09/2023 03:36:24;56229;;;-;50.0;0;0;0;lion;23
09/09/2023 03:36:51;56229;;;-;50.0;0;0;0;lion;23
09/09/2023 03:37:17;56229;;;-;50.0;0;0;0;lion;23
09/09/2023 03:37:44;56229;;;-;49.98;0;0;0;lion;23
09/09/2023 03:38:11;56229;;;-;50.0;0;0;0;lion;23
09/09/2023 03:38:38;56229;;;-;49.98;0;0;0;lion;23
09/09/2023 03:39:05;56229;;;-;50.0;0;0;0;lion;23
09/09/2023 03:39:32;56229;;;-;50.02;0;0;0;lion;23
09/09/2023 03:39:59;56229;;;-;50.0;0;0;0;lion;23
09/09/2023 03:40:26;56229;;;-;50.02;0;0;0;lion;23
09/09/2023 03:40:52;56229;;;-;50.0;0;0;0;lion;23
09/09/2023 03:41:19;56229;;;-;50.0;0;0;0;lion;23
09/09/2023 03:41:46;56229;;;-;50.0;0;0;0;lion;23
09/09/2023 03:42:13;56229;;;-;49.98;0;0;0;lion;23
09/09/2023 03:42:40;56229;;;-;50.0;0;0;0;lion;23
09/09/2023 03:43:07;56229;;;-;50.0;0;0;0;lion;23
09/09/2023 03:43:34;56229;;;-;50.0;0;0;0;lion;23
09/09/2023 03:44:01;56229;;;-;50.02;0;0;0;lion;23
09/09/2023 03:44:28;56229;;;-;50.02;0;0;0;lion;23
09/09/2023 03:44:55;56229;;;-;50.0;0;0;0;lion;23
09/09/2023 03:45:21;56229;;;-;50.0;0;0;0;lion;23
09/09/2023 03:45:48;56229;;;-;50.02;0;0;0;lion;23
09/09/2023 03:46:15;56229;;;-;50.02;0;0;0;lion;23
09/09/2023 03:46:42;56229;;;-;50.0;0;0;0;lion;23
09/09/2023 03:47:09;56229;;;-;50.0;0;0;0;lion;23
09/09/2023 03:47:36;56229;;;-;50.0;0;0;0;lion;23
09/09/2023 03:48:03;56229;;;-;50.0;0;0;0;lion;23
09/09/2023 03:48:29;56229;;;-;50.02;0;0;0;lion;23
09/09/2023 03:48:56;56229;;;-;50.02;0;0;0;lion;23
09/09/2023 03:49:23;56229;;;-;50.02;0;0;0;lion;23
09/09/2023 03:49:50;56229;;;-;50.02;0;0;0;lion;23
09/09/2023 03:50:17;56229;;;-;50.02;0;0;0;lion;23
09/09/2023 03:50:44;56229;;;-;50.02;0;0;0;lion;23
09/09/2023 03:51:11;56229;;;-;50.0;0;0;0;lion;23
09/09/2023 03:51:38;56229;;;-;50.0;0;0;0;lion;23
09/09/2023 03:52:05;56229;;;-;50.02;0;0;0;lion;23
09/09/2023 03:52:32;56229;;;-;50.0;0;0;0;lion;23
09/09/2023 03:52:59;56229;;;-;49.98;0;0;0;lion;23
09/09/2023 03:53:26;56229;;;-;50.0;0;0;0;lion;23
09/09/2023 03:53:53;56229;;;-;50.02;0;0;0;lion;23
09/09/2023 03:54:20;56229;;;-;50.02;0;0;0;lion;23
09/09/2023 03:54:47;56229;;;-;50.0;0;0;0;lion;23
09/09/2023 03:55:14;56229;;;-;50.0;0;0;0;lion;23
09/09/2023 03:55:41;56229;;;-;50.0;0;0;0;lion;23
09/09/2023 03:56:08;56229;;;-;50.0;0;0;0;lion;23
09/09/2023 03:56:34;56229;;;-;50.0;0;0;0;lion;23
09/09/2023 03:57:01;56229;;;-;50.0;0;0;0;lion;23
09/09/2023 03:57:28;56229;;;-;50.0;0;0;0;lion;23
09/09/2023 03:57:55;56229;;;-;50.0;0;0;0;lion;23
09/09/2023 03:58:22;56229;;;-;50.0;0;0;0;lion;23
09/09/2023 03:58:49;56229;;;-;50.0;0;0;0;lion;23
09/09/2023 03:59:16;56229;;;-;50.0;0;0;0;lion;23
09/09/2023 03:59:42;56229;;;-;50.02;0;0;0;lion;23
09/09/2023 04:00:09;56229;;;-;50.0;0;0;0;lion;23
09/09/2023 04:00:36;56229;;;-;50.0;0;0;0;lion;23
09/09/2023 04:01:03;56229;;;-;50.0;0;0;0;lion;23
09/09/2023 04:01:30;56229;;;-;49.98;0;0;0;lion;23
09/09/2023 04:01:57;56229;;;-;49.98;0;0;0;lion;23
09/09/2023 04:02:24;56229;;;-;49.98;0;0;0;lion;23
09/09/2023 04:02:51;56229;;;-;49.98;0;0;0;lion;23
09/09/2023 04:03:18;56229;;;-;49.98;0;0;0;lion;23
09/09/2023 04:03:45;56229;;;-;49.98;0;0;0;lion;23
09/09/2023 04:04:12;56229;;;-;50.0;0;0;0;lion;23
09/09/2023 04:04:38;56229;;;-;50.0;0;0;0;lion;23
09/09/2023 04:05:05;56229;;;-;49.98;0;0;0;lion;23
09/09/2023 04:05:32;56229;;;-;49.96;0;0;0;lion;23
09/09/2023 04:05:59;56229;;;-;49.98;0;0;0;lion;23
09/09/2023 04:06:26;56229;;;-;49.98;0;0;0;lion;23
09/09/2023 04:06:54;56229;;;-;49.98;0;0;0;lion;23
09/09/2023 04:07:20;56229;;;-;50.0;0;0;0;lion;23
09/09/2023 04:07:47;56229;;;-;49.98;0;0;0;lion;23
09/09/2023 04:08:14;56229;;;-;49.98;0;0;0;lion;23
09/09/2023 04:08:41;56229;;;-;49.98;0;0;0;lion;23
09/09/2023 04:09:08;56229;;;-;50.0;0;0;0;lion;23
09/09/2023 04:09:35;56229;;;-;49.98;0;0;0;lion;23
09/09/2023 04:10:02;56229;;;-;49.98;0;0;0;lion;23
09/09/2023 04:10:29;56229;;;-;49.98;0;0;0;lion;23
09/09/2023 04:10:56;56229;;;-;49.98;0;0;0;lion;23
09/09/2023 04:11:23;56229;;;-;49.98;0;0;0;lion;23
09/09/2023 04:11:50;56229;;;-;50.0;0;0;0;lion;23
09/09/2023 04:12:16;56229;;;-;50.0;0;0;0;lion;23
09/09/2023 04:12:43;56229;;;-;50.0;0;0;0;lion;23
09/09/2023 04:13:10;56229;;;-;50.0;0;0;0;lion;23
09/09/2023 04:13:37;56229;;;-;50.02;0;0;0;lion;23
09/09/2023 04:14:04;56229;;;-;50.02;0;0;0;lion;23
09/09/2023 04:14:31;56229;;;-;50.0;0;0;0;lion;23
09/09/2023 04:14:58;56229;;;-;50.0;0;0;0;lion;23
09/09/2023 04:15:25;56229;;;-;50.0;0;0;0;lion;23
09/09/2023 04:15:52;56229;;;-;49.98;0;0;0;lion;23
09/09/2023 04:16:19;56229;;;-;49.98;0;0;0;lion;23
09/09/2023 04:16:46;56229;;;-;50.0;0;0;0;lion;23
09/09/2023 04:17:12;56229;;;-;50.0;0;0;0;lion;23
09/09/2023 04:17:39;56229;;;-;50.0;0;0;0;lion;23
09/09/2023 04:18:06;56229;;;-;50.0;0;0;0;lion;23
09/09/2023 04:18:33;56229;;;-;50.0;0;0;0;lion;23
09/09/2023 04:19:00;56229;;;-;50.0;0;0;0;lion;23
09/09/2023 04:19:27;56229;;;-;50.0;0;0;0;lion;23
09/09/2023 04:19:54;56229;;;-;50.0;0;0;0;lion;23
09/09/2023 04:20:21;56229;;;-;50.02;0;0;0;lion;23
09/09/2023 04:20:48;56229;;;-;50.02;0;0;0;lion;23
09/09/2023 04:21:15;56229;;;-;50.02;0;0;0;lion;23
09/09/2023 04:21:42;56229;;;-;50.0;0;0;0;lion;23
09/09/2023 04:22:09;56229;;;-;50.0;0;0;0;lion;23
09/09/2023 04:22:36;56229;;;-;50.0;0;0;0;lion;23
09/09/2023 04:23:03;56229;;;-;50.0;0;0;0;lion;23
09/09/2023 04:23:29;56229;;;-;50.0;0;0;0;lion;23
09/09/2023 04:23:56;56229;;;-;50.02;0;0;0;lion;23
09/09/2023 04:24:23;56229;;;-;50.02;0;0;0;lion;23
09/09/2023 04:24:50;56229;;;-;50.0;0;0;0;lion;23
09/09/2023 04:25:17;56229;;;-;50.0;0;0;0;lion;23
09/09/2023 04:25:44;56229;;;-;50.0;0;0;0;lion;23
09/09/2023 04:26:11;56229;;;-;50.0;0;0;0;lion;23
09/09/2023 04:26:38;56229;;;-;49.98;0;0;0;lion;23
09/09/2023 04:27:05;56229;;;-;49.98;0;0;0;lion;23
09/09/2023 04:27:32;56229;;;-;49.98;0;0;0;lion;23
09/09/2023 04:27:59;56229;;;-;50.0;0;0;0;lion;23
09/09/2023 04:28:26;56229;;;-;50.0;0;0;0;lion;23
09/09/2023 04:28:53;56229;;;-;50.0;0;0;0;lion;23
09/09/2023 04:29:19;56229;;;-;49.98;0;0;0;lion;23
09/09/2023 04:29:46;56229;;;-;49.98;0;0;0;lion;23
09/09/2023 04:30:13;56229;;;-;50.0;0;0;0;lion;23
09/09/2023 04:30:40;56229;;;-;50.0;0;0;0;lion;23
09/09/2023 04:31:07;56229;;;-;49.98;0;0;0;lion;23
09/09/2023 04:31:34;56229;;;-;49.98;0;0;0;lion;23
09/09/2023 04:32:01;56229;;;-;50.0;0;0;0;lion;23
09/09/2023 04:32:28;56229;;;-;49.98;0;0;0;lion;23
09/09/2023 04:32:55;56229;;;-;49.98;0;0;0;lion;23
09/09/2023 04:33:21;56229;;;-;50.0;0;0;0;lion;23
09/09/2023 04:33:48;56229;;;-;49.98;0;0;0;lion;23
09/09/2023 04:34:15;56229;;;-;50.0;0;0;0;lion;23
09/09/2023 04:34:42;56229;;;-;50.0;0;0;0;lion;23
09/09/2023 04:35:09;56229;;;-;50.0;0;0;0;lion;23
09/09/2023 04:35:36;56229;;;-;50.0;0;0;0;lion;23
09/09/2023 04:36:03;56229;;;-;50.0;0;0;0;lion;23
09/09/2023 04:36:30;56229;;;-;49.98;0;0;0;lion;23
09/09/2023 04:36:57;56229;;;-;49.98;0;0;0;lion;23
09/09/2023 04:37:24;56229;;;-;49.98;0;0;0;lion;23
09/09/2023 04:37:51;56229;;;-;49.98;0;0;0;lion;23
09/09/2023 04:38:17;56229;;;-;49.98;0;0;0;lion;23
09/09/2023 04:38:44;56229;;;-;50.0;0;0;0;lion;23
09/09/2023 04:39:11;56229;;;-;50.0;0;0;0;lion;23
09/09/2023 04:39:38;56229;;;-;49.98;0;0;0;lion;23
09/09/2023 04:40:05;56229;;;-;49.98;0;0;0;lion;23
09/09/2023 04:40:32;56229;;;-;50.0;0;0;0;lion;23
09/09/2023 04:40:59;56229;;;-;50.0;0;0;0;lion;23
09/09/2023 04:41:26;56229;;;-;50.0;0;0;0;lion;23
09/09/2023 04:41:53;56229;;;-;49.98;0;0;0;lion;23
09/09/2023 04:42:19;56229;;;-;50.0;0;0;0;lion;23
09/09/2023 04:42:46;56229;;;-;49.98;0;0;0;lion;23
09/09/2023 04:43:13;56229;;;-;49.96;0;0;0;lion;23
09/09/2023 04:43:40;56229;;;-;49.98;0;0;0;lion;23
09/09/2023 04:44:07;56229;;;-;50.0;0;0;0;lion;23
09/09/2023 04:44:34;56229;;;-;49.98;0;0;0;lion;23
09/09/2023 04:45:01;56229;;;-;50.0;0;0;0;lion;23
09/09/2023 04:45:28;56229;;;-;50.0;0;0;0;lion;23
09/09/2023 04:45:55;56229;;;-;50.0;0;0;0;lion;23
09/09/2023 04:46:21;56229;;;-;50.02;0;0;0;lion;23
09/09/2023 04:46:48;56229;;;-;50.0;0;0;0;lion;23
09/09/2023 04:47:15;56229;;;-;50.0;0;0;0;lion;23
09/09/2023 04:47:42;56229;;;-;50.0;0;0;0;lion;23
09/09/2023 04:48:09;56229;;;-;50.0;0;0;0;lion;23
09/09/2023 04:48:36;56229;;;-;50.0;0;0;0;lion;23
09/09/2023 04:49:03;56229;;;-;50.02;0;0;0;lion;23
09/09/2023 04:49:30;56229;;;-;50.0;0;0;0;lion;23
09/09/2023 04:49:57;56229;;;-;50.0;0;0;0;lion;23
09/09/2023 04:50:24;56229;;;-;50.0;0;0;0;lion;23
09/09/2023 04:50:51;56229;;;-;49.98;0;0;0;lion;23
09/09/2023 04:51:18;56229;;;-;49.98;0;0;0;lion;23
09/09/2023 04:51:45;56229;;;-;50.0;0;0;0;lion;23
09/09/2023 04:52:11;56229;;;-;50.0;0;0;0;lion;23
09/09/2023 04:52:38;56229;;;-;50.0;0;0;0;lion;23
09/09/2023 04:53:05;56229;;;-;49.98;0;0;0;lion;23
09/09/2023 04:53:32;56229;;;-;50.0;0;0;0;lion;23
09/09/2023 04:53:59;56229;;;-;50.02;0;0;0;lion;23
09/09/2023 04:54:26;56229;;;-;50.0;0;0;0;lion;23
09/09/2023 04:54:53;56229;;;-;50.02;0;0;0;lion;23
09/09/2023 04:55:20;56229;;;-;50.0;0;0;0;lion;23
09/09/2023 04:55:47;56229;;;-;50.0;0;0;0;lion;23
09/09/2023 04:56:14;56229;;;-;50.0;0;0;0;lion;23
09/09/2023 04:56:40;56229;;;-;50.02;0;0;0;lion;23
09/09/2023 04:57:07;56229;;;-;50.02;0;0;0;lion;23
09/09/2023 04:57:34;56229;;;-;50.02;0;0;0;lion;23
09/09/2023 04:58:01;56229;;;-;50.0;0;0;0;lion;23
09/09/2023 04:58:28;56229;;;-;50.0;0;0;0;lion;23
09/09/2023 04:58:55;56229;;;-;50.0;0;0;0;lion;23
09/09/2023 04:59:22;56229;;;-;50.0;0;0;0;lion;23
09/09/2023 04:59:49;56229;;;-;50.0;0;0;0;lion;23
09/09/2023 05:00:16;56229;;;-;50.0;0;0;0;lion;23
09/09/2023 05:00:43;56229;;;-;49.98;0;0;0;lion;23
09/09/2023 05:01:10;56229;;;-;49.98;0;0;0;lion;23
09/09/2023 05:01:37;56229;;;-;49.96;0;0;0;lion;23
09/09/2023 05:02:04;56229;;;-;49.98;0;0;0;lion;23
09/09/2023 05:02:30;56229;;;-;50.0;0;0;0;lion;23
09/09/2023 05:02:57;56229;;;-;49.96;0;0;0;lion;23
09/09/2023 05:03:24;56229;;;-;49.96;0;0;0;lion;23
09/09/2023 05:03:51;56229;;;-;49.98;0;0;0;lion;23
09/09/2023 05:04:18;56229;;;-;49.98;0;0;0;lion;23
09/09/2023 05:04:45;56229;;;-;49.98;0;0;0;lion;23
09/09/2023 05:05:11;56229;;;-;50.0;0;0;0;lion;23
09/09/2023 05:05:38;56229;;;-;49.98;0;0;0;lion;23
09/09/2023 05:06:05;56229;;;-;50.0;0;0;0;lion;23
09/09/2023 05:06:32;56229;;;-;49.98;0;0;0;lion;23
09/09/2023 05:06:59;56229;;;-;49.98;0;0;0;lion;23
09/09/2023 05:07:26;56229;;;-;49.98;0;0;0;lion;23
09/09/2023 05:07:53;56229;;;-;50.0;0;0;0;lion;23
09/09/2023 05:08:20;56229;;;-;50.0;0;0;0;lion;23
09/09/2023 05:08:47;56229;;;-;50.0;0;0;0;lion;23
09/09/2023 05:09:14;56229;;;-;49.98;0;0;0;lion;23
09/09/2023 05:09:41;56229;;;-;49.98;0;0;0;lion;23
09/09/2023 05:10:08;56229;;;-;49.96;0;0;0;lion;23
09/09/2023 05:10:35;56229;;;-;50.0;0;0;0;lion;23
09/09/2023 05:11:02;56229;;;-;49.98;0;0;0;lion;23
09/09/2023 05:11:29;56229;;;-;49.98;0;0;0;lion;23
09/09/2023 05:11:55;56229;;;-;49.98;0;0;0;lion;23
09/09/2023 05:12:22;56229;;;-;49.98;0;0;0;lion;23
09/09/2023 05:12:49;56229;;;-;49.98;0;0;0;lion;23
09/09/2023 05:13:16;56229;;;-;49.98;0;0;0;lion;23
09/09/2023 05:13:43;56229;;;-;49.98;0;0;0;lion;23
09/09/2023 05:14:10;56229;;;-;50.0;0;0;0;lion;23
09/09/2023 05:14:37;56229;;;-;50.0;0;0;0;lion;23
09/09/2023 05:15:04;56229;;;-;50.02;0;0;0;lion;23
09/09/2023 05:15:31;56229;;;-;50.0;0;0;0;lion;23
09/09/2023 05:15:58;56229;;;-;50.0;0;0;0;lion;23
09/09/2023 05:16:24;56229;;;-;49.98;0;0;0;lion;23
09/09/2023 05:16:51;56229;;;-;49.98;0;0;0;lion;23
09/09/2023 05:17:18;56229;;;-;50.0;0;0;0;lion;23
09/09/2023 05:17:45;56229;;;-;50.0;0;0;0;lion;23
09/09/2023 05:18:12;56229;;;-;50.0;0;0;0;lion;23
09/09/2023 05:18:39;56229;;;-;50.0;0;0;0;lion;23
09/09/2023 05:19:06;56229;;;-;50.0;0;0;0;lion;23
09/09/2023 05:19:33;56229;;;-;50.0;0;0;0;lion;23
09/09/2023 05:19:59;56229;;;-;50.0;0;0;0;lion;23
09/09/2023 05:20:26;56229;;;-;50.02;0;0;0;lion;23
09/09/2023 05:20:53;56229;;;-;50.02;0;0;0;lion;23
09/09/2023 05:21:20;56229;;;-;50.0;0;0;0;lion;23
09/09/2023 05:21:47;56229;;;-;50.0;0;0;0;lion;23
09/09/2023 05:22:14;56229;;;-;49.98;0;0;0;lion;23
09/09/2023 05:22:42;56229;;;-;49.98;0;0;0;lion;23
09/09/2023 05:23:08;56229;;;-;49.98;0;0;0;lion;23
09/09/2023 05:23:35;56229;;;-;49.98;0;0;0;lion;23
09/09/2023 05:24:02;56229;;;-;50.0;0;0;0;lion;23
09/09/2023 05:24:29;56229;;;-;50.0;0;0;0;lion;23
09/09/2023 05:24:56;56229;;;-;50.0;0;0;0;lion;23
09/09/2023 05:25:23;56229;;;-;50.02;0;0;0;lion;23
09/09/2023 05:25:50;56229;;;-;50.02;0;0;0;lion;23
09/09/2023 05:26:17;56229;;;-;50.0;0;0;0;lion;23
09/09/2023 05:26:44;56229;;;-;49.98;0;0;0;lion;23
09/09/2023 05:27:10;56229;;;-;50.0;0;0;0;lion;23
09/09/2023 05:27:37;56229;;;-;50.0;0;0;0;lion;23
09/09/2023 05:28:04;56229;;;-;50.0;0;0;0;lion;23
09/09/2023 05:28:31;56229;;;-;50.0;0;0;0;lion;23
09/09/2023 05:28:58;56229;;;-;50.02;0;0;0;lion;23
09/09/2023 05:29:25;56229;;;-;50.02;0;0;0;lion;23
09/09/2023 05:29:52;56229;;;-;50.02;0;0;0;lion;23
09/09/2023 05:30:19;56229;;;-;50.02;0;0;0;lion;23
09/09/2023 05:30:45;56229;;;-;50.0;0;0;0;lion;23
09/09/2023 05:31:12;56229;;;-;50.02;0;0;0;lion;23
09/09/2023 05:31:39;56229;;;-;50.0;0;0;0;lion;23
09/09/2023 05:32:06;56229;;;-;50.0;0;0;0;lion;23
09/09/2023 05:32:33;56229;;;-;50.0;0;0;0;lion;23
09/09/2023 05:33:00;56229;;;-;50.02;0;0;0;lion;23
09/09/2023 05:33:27;56229;;;-;50.0;0;0;0;lion;23
09/09/2023 05:33:54;56229;;;-;49.98;0;0;0;lion;23
09/09/2023 05:34:21;56229;;;-;50.0;0;0;0;lion;23
09/09/2023 05:34:48;56229;;;-;50.0;0;0;0;lion;23
09/09/2023 05:35:15;56229;;;-;50.02;0;0;0;lion;23
09/09/2023 05:35:42;56229;;;-;50.0;0;0;0;lion;23
09/09/2023 05:36:08;56229;;;-;50.0;0;0;0;lion;23
09/09/2023 05:36:35;56229;;;-;50.02;0;0;0;lion;23
09/09/2023 05:37:02;56229;;;-;50.0;0;0;0;lion;23
09/09/2023 05:37:29;56229;;;-;49.98;0;0;0;lion;23
09/09/2023 05:37:56;56229;;;-;49.98;0;0;0;lion;23
09/09/2023 05:38:23;56229;;;-;49.98;0;0;0;lion;23
09/09/2023 05:38:50;56229;;;-;50.0;0;0;0;lion;23
09/09/2023 05:39:17;56229;;;-;50.0;0;0;0;lion;23
09/09/2023 05:39:44;56229;;;-;50.0;0;0;0;lion;23
09/09/2023 05:40:11;56229;;;-;50.0;0;0;0;lion;23
09/09/2023 05:40:38;56229;;;-;50.0;0;0;0;lion;23
09/09/2023 05:41:05;56229;;;-;50.0;0;0;0;lion;23
09/09/2023 05:41:32;56229;;;-;49.98;0;0;0;lion;23
09/09/2023 05:41:59;56229;;;-;49.98;0;0;0;lion;23
09/09/2023 05:42:26;56229;;;-;50.0;0;0;0;lion;23
09/09/2023 05:42:52;56229;;;-;50.0;0;0;0;lion;23
09/09/2023 05:43:19;56229;;;-;50.0;0;0;0;lion;23
09/09/2023 05:43:46;56229;;;-;50.0;0;0;0;lion;23
09/09/2023 05:44:13;56229;;;-;50.02;0;0;0;lion;23
09/09/2023 05:44:40;56229;;;-;50.0;0;0;0;lion;23
09/09/2023 05:45:07;56229;;;-;50.0;0;0;0;lion;23
09/09/2023 05:45:34;56229;;;-;50.0;0;0;0;lion;23
09/09/2023 05:46:01;56229;;;-;50.02;0;0;0;lion;23
09/09/2023 05:46:28;56229;;;-;50.0;0;0;0;lion;23
09/09/2023 05:46:55;56229;;;-;50.0;0;0;0;lion;23
09/09/2023 05:47:21;56229;;;-;50.0;0;0;0;lion;23
09/09/2023 05:47:48;56229;;;-;49.98;0;0;0;lion;23
09/09/2023 05:48:15;56229;;;-;49.98;0;0;0;lion;23
09/09/2023 05:48:42;56229;;;-;50.0;0;0;0;lion;23
09/09/2023 05:49:09;56229;;;-;50.0;0;0;0;lion;23
09/09/2023 05:49:36;56229;;;-;50.02;0;0;0;lion;23
09/09/2023 05:50:03;56229;;;-;50.0;0;0;0;lion;23
09/09/2023 05:50:30;56229;;;-;50.0;0;0;0;lion;23
09/09/2023 05:50:57;56229;;;-;49.98;0;0;0;lion;23
09/09/2023 05:51:23;56229;;;-;50.02;0;0;0;lion;23
09/09/2023 05:51:50;56229;;;-;50.02;0;0;0;lion;23
09/09/2023 05:52:17;56229;;;-;50.0;0;0;0;lion;23
09/09/2023 05:52:44;56229;;;-;50.0;0;0;0;lion;23
09/09/2023 05:53:11;56229;;;-;50.0;0;0;0;lion;23
09/09/2023 05:53:38;56229;;;-;49.98;0;0;0;lion;23
09/09/2023 05:54:05;56229;;;-;49.98;0;0;0;lion;23
09/09/2023 05:54:32;56229;;;-;49.98;0;0;0;lion;23
09/09/2023 05:54:59;56229;;;-;49.98;0;0;0;lion;23
09/09/2023 05:55:26;56229;;;-;49.98;0;0;0;lion;23
09/09/2023 05:55:53;56229;;;-;49.98;0;0;0;lion;23
09/09/2023 05:56:19;56229;;;-;50.0;0;0;0;lion;23
09/09/2023 05:56:46;56229;;;-;49.98;0;0;0;lion;23
09/09/2023 05:57:13;56229;;;-;49.98;0;0;0;lion;23
09/09/2023 05:57:40;56229;;;-;49.98;0;0;0;lion;23
09/09/2023 05:58:07;56229;;;-;50.0;0;0;0;lion;23
09/09/2023 05:58:34;56229;;;-;50.0;0;0;0;lion;23
09/09/2023 05:59:01;56229;;;-;50.0;0;0;0;lion;23
09/09/2023 05:59:28;56229;;;-;50.0;0;0;0;lion;23
09/09/2023 05:59:55;56229;;;-;50.0;0;0;0;lion;23
09/09/2023 06:00:22;56229;;;-;50.02;0;0;0;lion;23
09/09/2023 06:00:49;56229;;;-;50.0;0;0;0;lion;23
09/09/2023 06:01:16;56229;;;-;50.0;0;0;0;lion;23
09/09/2023 06:01:43;56229;;;-;50.0;0;0;0;lion;23
09/09/2023 06:02:09;56229;;;-;50.0;0;0;0;lion;23
09/09/2023 06:02:36;56229;;;-;49.98;0;0;0;lion;23
09/09/2023 06:03:03;56229;;;-;50.0;0;0;0;lion;23
09/09/2023 06:03:30;56229;;;-;49.98;0;0;0;lion;23
09/09/2023 06:03:57;56229;;;-;50.0;0;0;0;lion;23
09/09/2023 06:04:24;56229;;;-;50.0;0;0;0;lion;23
09/09/2023 06:04:51;56229;;;-;49.98;0;0;0;lion;23
09/09/2023 06:05:17;56229;;;-;50.0;0;0;0;lion;23
09/09/2023 06:05:44;56229;;;-;50.0;0;0;0;lion;23
09/09/2023 06:06:11;56229;;;-;50.0;0;0;0;lion;23
09/09/2023 06:06:38;56229;;;-;50.0;0;0;0;lion;23
09/09/2023 06:07:05;56229;;;-;50.0;0;0;0;lion;23
09/09/2023 06:07:32;56229;;;-;50.0;0;0;0;lion;23
09/09/2023 06:07:59;56229;;;-;50.0;0;0;0;lion;23
09/09/2023 00:00:22;102957;;;-;49.98;0;0;0;tigre;23
09/09/2023 00:00:49;102957;;;-;49.98;0;0;0;tigre;23
09/09/2023 00:01:16;102957;;;-;49.98;0;0;0;tigre;23
09/09/2023 00:01:43;102957;;;-;50.0;0;0;0;tigre;23
09/09/2023 00:02:10;102957;;;-;50.0;0;0;0;tigre;23
09/09/2023 00:02:37;102957;;;-;50.02;0;0;0;tigre;23
09/09/2023 00:03:04;102957;;;-;50.0;0;0;0;tigre;23
09/09/2023 00:03:30;102957;;;-;50.0;0;0;0;tigre;23
09/09/2023 00:03:57;102957;;;-;50.02;0;0;0;tigre;23
09/09/2023 00:04:24;102957;;;-;50.0;0;0;0;tigre;23
09/09/2023 00:04:51;102957;;;-;50.02;0;0;0;tigre;23
09/09/2023 00:05:18;102957;;;-;50.0;0;0;0;tigre;23
09/09/2023 00:05:45;102957;;;-;50.0;0;0;0;tigre;23
09/09/2023 00:06:12;102957;;;-;50.0;0;0;0;tigre;23
09/09/2023 00:06:39;102957;;;-;50.0;0;0;0;tigre;23
09/09/2023 00:07:05;102957;;;-;50.0;0;0;0;tigre;23
09/09/2023 00:07:32;102957;;;-;50.0;0;0;0;tigre;23
09/09/2023 00:07:59;102957;;;-;50.0;0;0;0;tigre;23
09/09/2023 00:08:26;102957;;;-;50.0;0;0;0;tigre;23
09/09/2023 00:08:53;102957;;;-;50.02;0;0;0;tigre;23
09/09/2023 00:09:20;102957;;;-;50.02;0;0;0;tigre;23
09/09/2023 00:09:47;102957;;;-;50.0;0;0;0;tigre;23
09/09/2023 00:10:14;102957;;;-;49.98;0;0;0;tigre;23
09/09/2023 00:10:40;102957;;;-;50.0;0;0;0;tigre;23
09/09/2023 00:11:07;102957;;;-;49.98;0;0;0;tigre;23
09/09/2023 00:11:34;102957;;;-;49.98;0;0;0;tigre;23
09/09/2023 00:12:01;102957;;;-;50.0;0;0;0;tigre;23
09/09/2023 00:12:28;102957;;;-;49.98;0;0;0;tigre;23
09/09/2023 00:12:55;102957;;;-;49.98;0;0;0;tigre;23
09/09/2023 00:13:22;102957;;;-;49.98;0;0;0;tigre;23
09/09/2023 00:13:49;102957;;;-;49.98;0;0;0;tigre;23
09/09/2023 00:14:15;102957;;;-;50.0;0;0;0;tigre;23
09/09/2023 00:14:42;102957;;;-;50.0;0;0;0;tigre;23
09/09/2023 00:15:09;102957;;;-;50.02;0;0;0;tigre;23
09/09/2023 00:15:36;102957;;;-;49.98;0;0;0;tigre;23
09/09/2023 00:16:03;102957;;;-;50.0;0;0;0;tigre;23
09/09/2023 00:16:30;102957;;;-;50.0;0;0;0;tigre;23
09/09/2023 00:16:57;102957;;;-;50.0;0;0;0;tigre;23
09/09/2023 00:17:24;102957;;;-;49.98;0;0;0;tigre;23
09/09/2023 00:17:50;102957;;;-;50.0;0;0;0;tigre;23
09/09/2023 00:18:17;102957;;;-;50.02;0;0;0;tigre;23
09/09/2023 00:18:44;102957;;;-;50.02;0;0;0;tigre;23
09/09/2023 00:19:11;102957;;;-;50.0;0;0;0;tigre;23
09/09/2023 00:19:38;102957;;;-;50.0;0;0;0;tigre;23
09/09/2023 00:20:05;102957;;;-;50.0;0;0;0;tigre;23
09/09/2023 00:20:32;102957;;;-;50.0;0;0;0;tigre;23
09/09/2023 00:20:59;102957;;;-;49.98;0;0;0;tigre;23
09/09/2023 00:21:26;102957;;;-;50.0;0;0;0;tigre;23
09/09/2023 00:21:53;102957;;;-;50.0;0;0;0;tigre;23
09/09/2023 00:22:19;102957;;;-;50.0;0;0;0;tigre;23
09/09/2023 00:22:46;102957;;;-;50.0;0;0;0;tigre;23
09/09/2023 00:23:13;102957;;;-;50.0;0;0;0;tigre;23
09/09/2023 00:23:40;102957;;;-;50.02;0;0;0;tigre;23
09/09/2023 00:24:07;102957;;;-;50.02;0;0;0;tigre;23
09/09/2023 00:24:34;102957;;;-;50.02;0;0;0;tigre;23
09/09/2023 00:25:01;102957;;;-;50.02;0;0;0;tigre;23
09/09/2023 00:25:27;102957;;;-;50.04;0;0;0;tigre;23
09/09/2023 00:25:54;102957;;;-;50.02;0;0;0;tigre;23
09/09/2023 00:26:21;102957;;;-;50.02;0;0;0;tigre;23
09/09/2023 00:26:48;102957;;;-;50.0;0;0;0;tigre;23
09/09/2023 00:27:15;102957;;;-;50.02;0;0;0;tigre;23
09/09/2023 00:27:42;102957;;;-;50.02;0;0;0;tigre;23
09/09/2023 00:28:09;102957;;;-;50.0;0;0;0;tigre;23
09/09/2023 00:28:36;102957;;;-;50.02;0;0;0;tigre;23
09/09/2023 00:29:03;102957;;;-;50.02;0;0;0;tigre;23
09/09/2023 00:29:30;102957;;;-;50.02;0;0;0;tigre;23
09/09/2023 00:29:56;102957;;;-;50.02;0;0;0;tigre;23
09/09/2023 00:30:23;102957;;;-;49.98;0;0;0;tigre;23
09/09/2023 00:30:50;102957;;;-;49.98;0;0;0;tigre;23
09/09/2023 00:31:17;102957;;;-;49.98;0;0;0;tigre;23
09/09/2023 00:31:44;102957;;;-;49.98;0;0;0;tigre;23
09/09/2023 00:32:11;102957;;;-;49.96;0;0;0;tigre;23
09/09/2023 00:32:38;102957;;;-;49.98;0;0;0;tigre;23
09/09/2023 00:33:05;102957;;;-;49.98;0;0;0;tigre;23
09/09/2023 00:33:31;102957;;;-;49.98;0;0;0;tigre;23
09/09/2023 00:33:58;102957;;;-;49.98;0;0;0;tigre;23
09/09/2023 00:34:26;102957;;;-;49.98;0;0;0;tigre;23
09/09/2023 00:34:53;102957;;;-;49.98;0;0;0;tigre;23
09/09/2023 00:35:19;102957;;;-;50.0;0;0;0;tigre;23
09/09/2023 00:35:46;102957;;;-;50.0;0;0;0;tigre;23
09/09/2023 00:36:13;102957;;;-;50.0;0;0;0;tigre;23
09/09/2023 00:36:40;102957;;;-;50.0;0;0;0;tigre;23
09/09/2023 00:37:07;102957;;;-;50.0;0;0;0;tigre;23
09/09/2023 00:37:34;102957;;;-;50.02;0;0;0;tigre;23
09/09/2023 00:38:01;102957;;;-;50.0;0;0;0;tigre;23
09/09/2023 00:38:28;102957;;;-;50.02;0;0;0;tigre;23
09/09/2023 00:38:55;102957;;;-;50.02;0;0;0;tigre;23
09/09/2023 00:39:22;102957;;;-;50.02;0;0;0;tigre;23
09/09/2023 00:39:48;102957;;;-;50.02;0;0;0;tigre;23
09/09/2023 00:40:15;102957;;;-;50.02;0;0;0;tigre;23
09/09/2023 00:40:42;102957;;;-;50.02;0;0;0;tigre;23
09/09/2023 00:41:09;102957;;;-;50.02;0;0;0;tigre;23
09/09/2023 00:41:36;102957;;;-;50.02;0;0;0;tigre;23
09/09/2023 00:42:03;102957;;;-;50.02;0;0;0;tigre;23
09/09/2023 00:42:30;102957;;;-;50.02;0;0;0;tigre;23
09/09/2023 00:42:57;102957;;;-;50.02;0;0;0;tigre;23
09/09/2023 00:43:23;102957;;;-;50.02;0;0;0;tigre;23
09/09/2023 00:43:50;102957;;;-;50.0;0;0;0;tigre;23
09/09/2023 00:44:17;102957;;;-;50.02;0;0;0;tigre;23
09/09/2023 00:44:44;102957;;;-;50.02;0;0;0;tigre;23
09/09/2023 00:45:11;102957;;;-;50.02;0;0;0;tigre;23
09/09/2023 00:45:38;102957;;;-;49.98;0;0;0;tigre;23
09/09/2023 00:46:05;102957;;;-;50.0;0;0;0;tigre;23
09/09/2023 00:46:32;102957;;;-;50.0;0;0;0;tigre;23
09/09/2023 00:46:58;102957;;;-;50.0;0;0;0;tigre;23
09/09/2023 00:47:25;102957;;;-;50.0;0;0;0;tigre;23
09/09/2023 00:47:52;102957;;;-;50.02;0;0;0;tigre;23
09/09/2023 00:48:19;102957;;;-;50.0;0;0;0;tigre;23
09/09/2023 00:48:46;102957;;;-;50.02;0;0;0;tigre;23
09/09/2023 00:49:13;102957;;;-;50.0;0;0;0;tigre;23
09/09/2023 00:49:40;102957;;;-;50.02;0;0;0;tigre;23
09/09/2023 00:50:07;102957;;;-;50.0;0;0;0;tigre;23
09/09/2023 00:50:34;102957;;;-;50.0;0;0;0;tigre;23
09/09/2023 00:51:01;102957;;;-;50.0;0;0;0;tigre;23
09/09/2023 00:51:28;102957;;;-;50.0;0;0;0;tigre;23
09/09/2023 00:51:55;102957;;;-;50.0;0;0;0;tigre;23
09/09/2023 00:52:21;102957;;;-;50.0;0;0;0;tigre;23
09/09/2023 00:52:48;102957;;;-;50.02;0;0;0;tigre;23
09/09/2023 00:53:15;102957;;;-;50.02;0;0;0;tigre;23
09/09/2023 00:53:42;102957;;;-;50.02;0;0;0;tigre;23
09/09/2023 00:54:09;102957;;;-;50.0;0;0;0;tigre;23
09/09/2023 00:54:36;102957;;;-;50.0;0;0;0;tigre;23
09/09/2023 00:55:03;102957;;;-;50.02;0;0;0;tigre;23
09/09/2023 00:55:29;102957;;;-;50.02;0;0;0;tigre;23
09/09/2023 00:55:56;102957;;;-;50.02;0;0;0;tigre;23
09/09/2023 00:56:23;102957;;;-;50.0;0;0;0;tigre;23
09/09/2023 00:56:50;102957;;;-;50.02;0;0;0;tigre;23
09/09/2023 00:57:17;102957;;;-;50.02;0;0;0;tigre;23
09/09/2023 00:57:44;102957;;;-;50.02;0;0;0;tigre;23
09/09/2023 00:58:11;102957;;;-;50.02;0;0;0;tigre;23
09/09/2023 00:58:38;102957;;;-;50.0;0;0;0;tigre;23
09/09/2023 00:59:05;102957;;;-;50.02;0;0;0;tigre;23
09/09/2023 00:59:31;102957;;;-;50.02;0;0;0;tigre;23
09/09/2023 00:59:58;102957;;;-;50.0;0;0;0;tigre;23
09/09/2023 01:00:25;102957;;;-;49.92;0;0;0;tigre;23
09/09/2023 01:00:52;102957;;;-;49.92;0;0;0;tigre;23
09/09/2023 01:01:19;102957;;;-;49.94;0;0;0;tigre;23
09/09/2023 01:01:46;102957;;;-;49.96;0;0;0;tigre;23
09/09/2023 01:02:13;102957;;;-;49.96;0;0;0;tigre;23
09/09/2023 01:02:39;102957;;;-;49.96;0;0;0;tigre;23
09/09/2023 01:03:06;102957;;;-;49.96;0;0;0;tigre;23
09/09/2023 01:03:33;102957;;;-;49.96;0;0;0;tigre;23
09/09/2023 01:04:00;102957;;;-;49.98;0;0;0;tigre;23
09/09/2023 01:04:27;102957;;;-;49.98;0;0;0;tigre;23
09/09/2023 01:04:54;102957;;;-;49.98;0;0;0;tigre;23
09/09/2023 01:05:21;102957;;;-;49.98;0;0;0;tigre;23
09/09/2023 01:05:48;102957;;;-;49.98;0;0;0;tigre;23
09/09/2023 01:06:15;102957;;;-;49.98;0;0;0;tigre;23
09/09/2023 01:06:42;102957;;;-;49.98;0;0;0;tigre;23
09/09/2023 01:07:08;102957;;;-;50.0;0;0;0;tigre;23
09/09/2023 01:07:35;102957;;;-;49.98;0;0;0;tigre;23
09/09/2023 01:08:02;102957;;;-;49.98;0;0;0;tigre;23
09/09/2023 01:08:29;102957;;;-;49.98;0;0;0;tigre;23
09/09/2023 01:08:56;102957;;;-;50.0;0;0;0;tigre;23
09/09/2023 01:09:23;102957;;;-;50.0;0;0;0;tigre;23
09/09/2023 01:09:50;102957;;;-;50.0;0;0;0;tigre;23
09/09/2023 01:10:17;102957;;;-;50.0;0;0;0;tigre;23
09/09/2023 01:10:43;102957;;;-;50.02;0;0;0;tigre;23
09/09/2023 01:11:10;102957;;;-;50.02;0;0;0;tigre;23
09/09/2023 01:11:37;102957;;;-;50.04;0;0;0;tigre;23
09/09/2023 01:12:04;102957;;;-;50.02;0;0;0;tigre;23
09/09/2023 01:12:31;102957;;;-;50.02;0;0;0;tigre;23
09/09/2023 01:12:58;102957;;;-;50.02;0;0;0;tigre;23
09/09/2023 01:13:25;102957;;;-;50.02;0;0;0;tigre;23
09/09/2023 01:13:51;102957;;;-;50.02;0;0;0;tigre;23
09/09/2023 01:14:18;102957;;;-;50.02;0;0;0;tigre;23
09/09/2023 01:14:45;102957;;;-;50.0;0;0;0;tigre;23
09/09/2023 01:15:12;102957;;;-;50.0;0;0;0;tigre;23
09/09/2023 01:15:39;102957;;;-;49.98;0;0;0;tigre;23
09/09/2023 01:16:06;102957;;;-;50.0;0;0;0;tigre;23
09/09/2023 01:16:33;102957;;;-;50.0;0;0;0;tigre;23
09/09/2023 01:17:00;102957;;;-;50.0;0;0;0;tigre;23
09/09/2023 01:17:26;102957;;;-;50.02;0;0;0;tigre;23
09/09/2023 01:17:53;102957;;;-;50.0;0;0;0;tigre;23
09/09/2023 01:18:20;102957;;;-;50.0;0;0;0;tigre;23
09/09/2023 01:18:47;102957;;;-;50.0;0;0;0;tigre;23
09/09/2023 01:19:14;102957;;;-;50.0;0;0;0;tigre;23
09/09/2023 01:19:41;102957;;;-;50.0;0;0;0;tigre;23
09/09/2023 01:20:08;102957;;;-;50.0;0;0;0;tigre;23
09/09/2023 01:20:35;102957;;;-;49.98;0;0;0;tigre;23
09/09/2023 01:21:02;102957;;;-;49.98;0;0;0;tigre;23
09/09/2023 01:21:29;102957;;;-;49.98;0;0;0;tigre;23
09/09/2023 01:21:56;102957;;;-;50.0;0;0;0;tigre;23
09/09/2023 01:22:22;102957;;;-;50.0;0;0;0;tigre;23
09/09/2023 01:22:49;102957;;;-;50.0;0;0;0;tigre;23
09/09/2023 01:23:16;102957;;;-;50.0;0;0;0;tigre;23
09/09/2023 01:23:43;102957;;;-;50.0;0;0;0;tigre;23
09/09/2023 01:24:10;102957;;;-;50.0;0;0;0;tigre;23
09/09/2023 01:24:37;102957;;;-;49.98;0;0;0;tigre;23
09/09/2023 01:25:04;102957;;;-;50.0;0;0;0;tigre;23
09/09/2023 01:25:31;102957;;;-;50.0;0;0;0;tigre;23
09/09/2023 01:25:58;102957;;;-;50.0;0;0;0;tigre;23
09/09/2023 01:26:25;102957;;;-;49.98;0;0;0;tigre;23
09/09/2023 01:26:51;102957;;;-;50.0;0;0;0;tigre;23
09/09/2023 01:27:18;102957;;;-;50.0;0;0;0;tigre;23
09/09/2023 01:27:45;102957;;;-;50.0;0;0;0;tigre;23
09/09/2023 01:28:12;102957;;;-;50.0;0;0;0;tigre;23
09/09/2023 01:28:39;102957;;;-;50.02;0;0;0;tigre;23
09/09/2023 01:29:06;102957;;;-;50.02;0;0;0;tigre;23
09/09/2023 01:29:33;102957;;;-;50.0;0;0;0;tigre;23
09/09/2023 01:29:59;102957;;;-;50.02;0;0;0;tigre;23
09/09/2023 01:30:26;102957;;;-;50.0;0;0;0;tigre;23
09/09/2023 01:30:53;102957;;;-;49.98;0;0;0;tigre;23
09/09/2023 01:31:20;102957;;;-;49.98;0;0;0;tigre;23
09/09/2023 01:31:47;102957;;;-;49.98;0;0;0;tigre;23
09/09/2023 01:32:14;102957;;;-;50.0;0;0;0;tigre;23
09/09/2023 01:32:41;102957;;;-;50.0;0;0;0;tigre;23
09/09/2023 01:33:07;102957;;;-;49.98;0;0;0;tigre;23
09/09/2023 01:33:34;102957;;;-;50.0;0;0;0;tigre;23
09/09/2023 01:34:01;102957;;;-;50.0;0;0;0;tigre;23
09/09/2023 01:34:28;102957;;;-;49.98;0;0;0;tigre;23
09/09/2023 01:34:55;102957;;;-;49.98;0;0;0;tigre;23
09/09/2023 01:35:22;102957;;;-;50.0;0;0;0;tigre;23
09/09/2023 01:35:49;102957;;;-;49.98;0;0;0;tigre;23
09/09/2023 01:36:16;102957;;;-;49.98;0;0;0;tigre;23
09/09/2023 01:36:43;102957;;;-;50.0;0;0;0;tigre;23
09/09/2023 01:37:09;102957;;;-;50.0;0;0;0;tigre;23
09/09/2023 01:37:36;102957;;;-;50.0;0;0;0;tigre;23
09/09/2023 01:38:03;102957;;;-;50.02;0;0;0;tigre;23
09/09/2023 01:38:30;102957;;;-;50.0;0;0;0;tigre;23
09/09/2023 01:38:57;102957;;;-;50.0;0;0;0;tigre;23
09/09/2023 01:39:24;102957;;;-;50.0;0;0;0;tigre;23
09/09/2023 01:39:51;102957;;;-;50.0;0;0;0;tigre;23
09/09/2023 01:40:18;102957;;;-;49.98;0;0;0;tigre;23
09/09/2023 01:40:44;102957;;;-;49.98;0;0;0;tigre;23
09/09/2023 01:41:11;102957;;;-;49.98;0;0;0;tigre;23
09/09/2023 01:41:38;102957;;;-;50.0;0;0;0;tigre;23
09/09/2023 01:42:05;102957;;;-;50.02;0;0;0;tigre;23
09/09/2023 01:42:32;102957;;;-;50.0;0;0;0;tigre;23
09/09/2023 01:42:59;102957;;;-;50.02;0;0;0;tigre;23
09/09/2023 01:43:26;102957;;;-;50.02;0;0;0;tigre;23
09/09/2023 01:43:53;102957;;;-;50.02;0;0;0;tigre;23
09/09/2023 01:44:20;102957;;;-;50.02;0;0;0;tigre;23
09/09/2023 01:44:46;102957;;;-;50.02;0;0;0;tigre;23
09/09/2023 01:45:13;102957;;;-;50.0;0;0;0;tigre;23
09/09/2023 01:45:40;102957;;;-;50.0;0;0;0;tigre;23
09/09/2023 01:46:07;102957;;;-;50.02;0;0;0;tigre;23
09/09/2023 01:46:34;102957;;;-;50.0;0;0;0;tigre;23
09/09/2023 01:47:01;102957;;;-;50.02;0;0;0;tigre;23
09/09/2023 01:47:28;102957;;;-;50.0;0;0;0;tigre;23
09/09/2023 01:47:55;102957;;;-;50.0;0;0;0;tigre;23
09/09/2023 01:48:21;102957;;;-;50.0;0;0;0;tigre;23
09/09/2023 01:48:48;102957;;;-;50.0;0;0;0;tigre;23
09/09/2023 01:49:15;102957;;;-;50.0;0;0;0;tigre;23
09/09/2023 01:49:42;102957;;;-;50.02;0;0;0;tigre;23
09/09/2023 01:50:09;102957;;;-;50.02;0;0;0;tigre;23
09/09/2023 01:50:36;102957;;;-;50.0;0;0;0;tigre;23
09/09/2023 01:51:03;102957;;;-;50.0;0;0;0;tigre;23
09/09/2023 01:51:30;102957;;;-;49.98;0;0;0;tigre;23
09/09/2023 01:51:57;102957;;;-;50.0;0;0;0;tigre;23
09/09/2023 01:52:24;102957;;;-;50.0;0;0;0;tigre;23
09/09/2023 01:52:51;102957;;;-;50.02;0;0;0;tigre;23
09/09/2023 01:53:17;102957;;;-;50.02;0;0;0;tigre;23
09/09/2023 01:53:44;102957;;;-;50.04;0;0;0;tigre;23
09/09/2023 01:54:11;102957;;;-;50.02;0;0;0;tigre;23
09/09/2023 01:54:38;102957;;;-;50.02;0;0;0;tigre;23
09/09/2023 01:55:05;102957;;;-;50.02;0;0;0;tigre;23
09/09/2023 01:55:32;102957;;;-;50.02;0;0;0;tigre;23
09/09/2023 01:55:59;102957;;;-;50.04;0;0;0;tigre;23
09/09/2023 01:56:25;102957;;;-;50.02;0;0;0;tigre;23
09/09/2023 01:56:52;102957;;;-;50.02;0;0;0;tigre;23
09/09/2023 01:57:19;102957;;;-;50.02;0;0;0;tigre;23
09/09/2023 01:57:46;102957;;;-;50.0;0;0;0;tigre;23
09/09/2023 01:58:13;102957;;;-;50.0;0;0;0;tigre;23
09/09/2023 01:58:40;102957;;;-;50.0;0;0;0;tigre;23
09/09/2023 01:59:06;102957;;;-;50.0;0;0;0;tigre;23
09/09/2023 01:59:33;102957;;;-;50.0;0;0;0;tigre;23
09/09/2023 02:00:00;102957;;;-;50.0;0;0;0;tigre;23
09/09/2023 02:00:27;102957;;;-;49.96;0;0;0;tigre;23
09/09/2023 02:00:54;102957;;;-;49.96;0;0;0;tigre;23
09/09/2023 02:01:21;102957;;;-;49.96;0;0;0;tigre;23
09/09/2023 02:01:48;102957;;;-;49.96;0;0;0;tigre;23
09/09/2023 02:02:15;102957;;;-;49.96;0;0;0;tigre;23
09/09/2023 02:02:42;102957;;;-;49.98;0;0;0;tigre;23
09/09/2023 02:03:09;102957;;;-;49.98;0;0;0;tigre;23
09/09/2023 02:03:36;102957;;;-;49.96;0;0;0;tigre;23
09/09/2023 02:04:02;102957;;;-;49.96;0;0;0;tigre;23
09/09/2023 02:04:29;102957;;;-;49.94;0;0;0;tigre;23
09/09/2023 02:04:56;102957;;;-;49.96;0;0;0;tigre;23
09/09/2023 02:05:23;102957;;;-;49.94;0;0;0;tigre;23
09/09/2023 02:05:50;102957;;;-;49.96;0;0;0;tigre;23
09/09/2023 02:06:17;102957;;;-;49.94;0;0;0;tigre;23
09/09/2023 02:06:44;102957;;;-;49.98;0;0;0;tigre;23
09/09/2023 02:07:11;102957;;;-;49.96;0;0;0;tigre;23
09/09/2023 02:07:38;102957;;;-;49.98;0;0;0;tigre;23
09/09/2023 02:08:05;102957;;;-;49.98;0;0;0;tigre;23
09/09/2023 02:08:32;102957;;;-;49.98;0;0;0;tigre;23
09/09/2023 02:08:59;102957;;;-;49.98;0;0;0;tigre;23
09/09/2023 02:09:25;102957;;;-;49.98;0;0;0;tigre;23
09/09/2023 02:09:52;102957;;;-;49.98;0;0;0;tigre;23
09/09/2023 02:10:19;102957;;;-;49.98;0;0;0;tigre;23
09/09/2023 02:10:46;102957;;;-;49.96;0;0;0;tigre;23
09/09/2023 02:11:13;102957;;;-;49.98;0;0;0;tigre;23
09/09/2023 02:11:40;102957;;;-;49.98;0;0;0;tigre;23
09/09/2023 02:12:07;102957;;;-;49.98;0;0;0;tigre;23
09/09/2023 02:12:34;102957;;;-;49.98;0;0;0;tigre;23
09/09/2023 02:13:01;102957;;;-;50.0;0;0;0;tigre;23
09/09/2023 02:13:28;102957;;;-;50.02;0;0;0;tigre;23
09/09/2023 02:13:55;102957;;;-;50.02;0;0;0;tigre;23
09/09/2023 02:14:22;102957;;;-;50.04;0;0;0;tigre;23
09/09/2023 02:14:48;102957;;;-;50.02;0;0;0;tigre;23
09/09/2023 02:15:15;102957;;;-;50.04;0;0;0;tigre;23
09/09/2023 02:15:42;102957;;;-;50.02;0;0;0;tigre;23
09/09/2023 02:16:09;102957;;;-;50.0;0;0;0;tigre;23
09/09/2023 02:16:36;102957;;;-;50.0;0;0;0;tigre;23
09/09/2023 02:17:03;102957;;;-;50.02;0;0;0;tigre;23
09/09/2023 02:17:30;102957;;;-;50.0;0;0;0;tigre;23
09/09/2023 02:17:57;102957;;;-;49.98;0;0;0;tigre;23
09/09/2023 02:18:23;102957;;;-;49.98;0;0;0;tigre;23
09/09/2023 02:18:50;102957;;;-;50.0;0;0;0;tigre;23
09/09/2023 02:19:17;102957;;;-;50.0;0;0;0;tigre;23
09/09/2023 02:19:44;102957;;;-;50.0;0;0;0;tigre;23
09/09/2023 02:20:11;102957;;;-;50.0;0;0;0;tigre;23
09/09/2023 02:20:38;102957;;;-;50.02;0;0;0;tigre;23
09/09/2023 02:21:05;102957;;;-;50.0;0;0;0;tigre;23
09/09/2023 02:21:32;102957;;;-;50.02;0;0;0;tigre;23
09/09/2023 02:21:59;102957;;;-;50.0;0;0;0;tigre;23
09/09/2023 02:22:26;102957;;;-;50.02;0;0;0;tigre;23
09/09/2023 02:22:53;102957;;;-;50.02;0;0;0;tigre;23
09/09/2023 02:23:20;102957;;;-;50.0;0;0;0;tigre;23
09/09/2023 02:23:47;102957;;;-;50.0;0;0;0;tigre;23
09/09/2023 02:24:13;102957;;;-;50.0;0;0;0;tigre;23
09/09/2023 02:24:40;102957;;;-;50.02;0;0;0;tigre;23
09/09/2023 02:25:07;102957;;;-;50.0;0;0;0;tigre;23
09/09/2023 02:25:34;102957;;;-;50.0;0;0;0;tigre;23
09/09/2023 02:26:01;102957;;;-;49.98;0;0;0;tigre;23
09/09/2023 02:26:28;102957;;;-;49.98;0;0;0;tigre;23
09/09/2023 02:26:55;102957;;;-;49.98;0;0;0;tigre;23
09/09/2023 02:27:22;102957;;;-;49.98;0;0;0;tigre;23
09/09/2023 02:27:49;102957;;;-;50.0;0;0;0;tigre;23
09/09/2023 02:28:16;102957;;;-;50.0;0;0;0;tigre;23
09/09/2023 02:28:42;102957;;;-;50.0;0;0;0;tigre;23
09/09/2023 02:29:09;102957;;;-;49.98;0;0;0;tigre;23
09/09/2023 02:29:36;102957;;;-;49.98;0;0;0;tigre;23
09/09/2023 02:30:03;102957;;;-;50.0;0;0;0;tigre;23
09/09/2023 02:30:30;102957;;;-;49.98;0;0;0;tigre;23
09/09/2023 02:30:57;102957;;;-;49.98;0;0;0;tigre;23
09/09/2023 02:31:23;102957;;;-;49.98;0;0;0;tigre;23
09/09/2023 02:31:50;102957;;;-;49.98;0;0;0;tigre;23
09/09/2023 02:32:17;102957;;;-;49.98;0;0;0;tigre;23
09/09/2023 02:32:44;102957;;;-;50.0;0;0;0;tigre;23
09/09/2023 02:33:11;102957;;;-;49.98;0;0;0;tigre;23
09/09/2023 02:33:38;102957;;;-;49.98;0;0;0;tigre;23
09/09/2023 02:34:05;102957;;;-;49.98;0;0;0;tigre;23
09/09/2023 02:34:31;102957;;;-;50.0;0;0;0;tigre;23
09/09/2023 02:34:58;102957;;;-;49.98;0;0;0;tigre;23
09/09/2023 02:35:25;102957;;;-;49.98;0;0;0;tigre;23
09/09/2023 02:35:52;102957;;;-;50.0;0;0;0;tigre;23
09/09/2023 02:36:19;102957;;;-;49.98;0;0;0;tigre;23
09/09/2023 02:36:46;102957;;;-;50.0;0;0;0;tigre;23
09/09/2023 02:37:13;102957;;;-;50.0;0;0;0;tigre;23
09/09/2023 02:37:40;102957;;;-;50.0;0;0;0;tigre;23
09/09/2023 02:38:07;102957;;;-;50.0;0;0;0;tigre;23
09/09/2023 02:38:34;102957;;;-;49.98;0;0;0;tigre;23
09/09/2023 02:39:01;102957;;;-;50.0;0;0;0;tigre;23
09/09/2023 02:39:27;102957;;;-;50.0;0;0;0;tigre;23
09/09/2023 02:39:54;102957;;;-;49.98;0;0;0;tigre;23
09/09/2023 02:40:21;102957;;;-;50.0;0;0;0;tigre;23
09/09/2023 02:40:48;102957;;;-;49.98;0;0;0;tigre;23
09/09/2023 02:41:15;102957;;;-;50.0;0;0;0;tigre;23
09/09/2023 02:41:42;102957;;;-;50.0;0;0;0;tigre;23
09/09/2023 02:42:09;102957;;;-;49.98;0;0;0;tigre;23
09/09/2023 02:42:36;102957;;;-;50.0;0;0;0;tigre;23
09/09/2023 02:43:02;102957;;;-;50.0;0;0;0;tigre;23
09/09/2023 02:43:29;102957;;;-;50.0;0;0;0;tigre;23
09/09/2023 02:43:56;102957;;;-;50.0;0;0;0;tigre;23
09/09/2023 02:44:23;102957;;;-;49.98;0;0;0;tigre;23
09/09/2023 02:44:50;102957;;;-;50.0;0;0;0;tigre;23
09/09/2023 02:45:17;102957;;;-;49.98;0;0;0;tigre;23
09/09/2023 02:45:44;102957;;;-;49.98;0;0;0;tigre;23
09/09/2023 02:46:11;102957;;;-;50.0;0;0;0;tigre;23
09/09/2023 02:46:38;102957;;;-;50.02;0;0;0;tigre;23
09/09/2023 02:47:05;102957;;;-;50.02;0;0;0;tigre;23
09/09/2023 02:47:32;102957;;;-;50.0;0;0;0;tigre;23
09/09/2023 02:47:58;102957;;;-;50.02;0;0;0;tigre;23
09/09/2023 02:48:25;102957;;;-;49.98;0;0;0;tigre;23
09/09/2023 02:48:52;102957;;;-;50.0;0;0;0;tigre;23
09/09/2023 02:49:19;102957;;;-;50.0;0;0;0;tigre;23
09/09/2023 02:49:46;102957;;;-;49.98;0;0;0;tigre;23
09/09/2023 02:50:13;102957;;;-;50.0;0;0;0;tigre;23
09/09/2023 02:50:40;102957;;;-;50.0;0;0;0;tigre;23
09/09/2023 02:51:07;102957;;;-;50.0;0;0;0;tigre;23
09/09/2023 02:51:33;102957;;;-;50.0;0;0;0;tigre;23
09/09/2023 02:52:00;102957;;;-;50.02;0;0;0;tigre;23
09/09/2023 02:52:27;102957;;;-;50.0;0;0;0;tigre;23
09/09/2023 02:52:54;102957;;;-;50.0;0;0;0;tigre;23
09/09/2023 02:53:21;102957;;;-;50.0;0;0;0;tigre;23
09/09/2023 02:53:48;102957;;;-;50.02;0;0;0;tigre;23
09/09/2023 02:54:15;102957;;;-;50.0;0;0;0;tigre;23
09/09/2023 02:54:42;102957;;;-;50.0;0;0;0;tigre;23
09/09/2023 02:55:09;102957;;;-;50.0;0;0;0;tigre;23
09/09/2023 02:55:36;102957;;;-;50.0;0;0;0;tigre;23
09/09/2023 02:56:02;102957;;;-;50.0;0;0;0;tigre;23
09/09/2023 02:56:29;102957;;;-;50.0;0;0;0;tigre;23
09/09/2023 02:56:56;102957;;;-;50.0;0;0;0;tigre;23
09/09/2023 02:57:23;102957;;;-;50.0;0;0;0;tigre;23
09/09/2023 02:57:50;102957;;;-;50.02;0;0;0;tigre;23
09/09/2023 02:58:17;102957;;;-;50.0;0;0;0;tigre;23
09/09/2023 02:58:44;102957;;;-;50.0;0;0;0;tigre;23
09/09/2023 02:59:11;102957;;;-;50.0;0;0;0;tigre;23
09/09/2023 02:59:38;102957;;;-;50.02;0;0;0;tigre;23
09/09/2023 03:00:04;102957;;;-;50.0;0;0;0;tigre;23
09/09/2023 03:00:31;102957;;;-;49.98;0;0;0;tigre;23
09/09/2023 03:00:58;102957;;;-;49.98;0;0;0;tigre;23
09/09/2023 03:01:25;102957;;;-;49.98;0;0;0;tigre;23
09/09/2023 03:01:52;102957;;;-;49.98;0;0;0;tigre;23
09/09/2023 03:02:19;102957;;;-;49.98;0;0;0;tigre;23
09/09/2023 03:02:46;102957;;;-;50.0;0;0;0;tigre;23
09/09/2023 03:03:13;102957;;;-;49.98;0;0;0;tigre;23
09/09/2023 03:03:39;102957;;;-;49.98;0;0;0;tigre;23
09/09/2023 03:04:06;102957;;;-;50.0;0;0;0;tigre;23
09/09/2023 03:04:33;102957;;;-;50.0;0;0;0;tigre;23
09/09/2023 03:05:00;102957;;;-;49.98;0;0;0;tigre;23
09/09/2023 03:05:27;102957;;;-;50.0;0;0;0;tigre;23
09/09/2023 03:05:54;102957;;;-;49.98;0;0;0;tigre;23
09/09/2023 03:06:21;102957;;;-;49.98;0;0;0;tigre;23
09/09/2023 03:06:48;102957;;;-;49.98;0;0;0;tigre;23
09/09/2023 03:07:15;102957;;;-;49.98;0;0;0;tigre;23
09/09/2023 03:07:42;102957;;;-;50.0;0;0;0;tigre;23
09/09/2023 03:08:09;102957;;;-;49.98;0;0;0;tigre;23
09/09/2023 03:08:36;102957;;;-;49.98;0;0;0;tigre;23
09/09/2023 03:09:03;102957;;;-;50.0;0;0;0;tigre;23
09/09/2023 03:09:29;102957;;;-;50.0;0;0;0;tigre;23
09/09/2023 03:09:56;102957;;;-;49.98;0;0;0;tigre;23
09/09/2023 03:10:23;102957;;;-;49.98;0;0;0;tigre;23
09/09/2023 03:10:50;102957;;;-;50.0;0;0;0;tigre;23
09/09/2023 03:11:17;102957;;;-;50.0;0;0;0;tigre;23
09/09/2023 03:11:44;102957;;;-;50.0;0;0;0;tigre;23
09/09/2023 03:12:11;102957;;;-;49.98;0;0;0;tigre;23
09/09/2023 03:12:38;102957;;;-;50.0;0;0;0;tigre;23
09/09/2023 03:13:04;102957;;;-;50.0;0;0;0;tigre;23
09/09/2023 03:13:31;102957;;;-;50.0;0;0;0;tigre;23
09/09/2023 03:13:58;102957;;;-;50.0;0;0;0;tigre;23
09/09/2023 03:14:25;102957;;;-;50.0;0;0;0;tigre;23
09/09/2023 03:14:52;102957;;;-;50.02;0;0;0;tigre;23
09/09/2023 03:15:19;102957;;;-;50.0;0;0;0;tigre;23
09/09/2023 03:15:46;102957;;;-;50.02;0;0;0;tigre;23
09/09/2023 03:16:13;102957;;;-;50.0;0;0;0;tigre;23
09/09/2023 03:16:39;102957;;;-;50.0;0;0;0;tigre;23
09/09/2023 03:17:06;102957;;;-;50.0;0;0;0;tigre;23
09/09/2023 03:17:33;102957;;;-;50.0;0;0;0;tigre;23
09/09/2023 03:18:00;102957;;;-;50.0;0;0;0;tigre;23
09/09/2023 03:18:27;102957;;;-;50.02;0;0;0;tigre;23
09/09/2023 03:18:54;102957;;;-;50.0;0;0;0;tigre;23
09/09/2023 03:19:21;102957;;;-;50.0;0;0;0;tigre;23
09/09/2023 03:19:48;102957;;;-;50.02;0;0;0;tigre;23
09/09/2023 03:20:15;102957;;;-;50.0;0;0;0;tigre;23
09/09/2023 03:20:42;102957;;;-;50.0;0;0;0;tigre;23
09/09/2023 03:21:09;102957;;;-;50.0;0;0;0;tigre;23
09/09/2023 03:21:36;102957;;;-;50.0;0;0;0;tigre;23
09/09/2023 03:22:03;102957;;;-;50.0;0;0;0;tigre;23
09/09/2023 03:22:30;102957;;;-;50.0;0;0;0;tigre;23
09/09/2023 03:22:57;102957;;;-;50.0;0;0;0;tigre;23
09/09/2023 03:23:23;102957;;;-;50.0;0;0;0;tigre;23
09/09/2023 03:23:50;102957;;;-;50.0;0;0;0;tigre;23
09/09/2023 03:24:17;102957;;;-;50.0;0;0;0;tigre;23
09/09/2023 03:24:44;102957;;;-;50.0;0;0;0;tigre;23
09/09/2023 03:25:11;102957;;;-;50.02;0;0;0;tigre;23
09/09/2023 03:25:38;102957;;;-;50.02;0;0;0;tigre;23
09/09/2023 03:26:05;102957;;;-;49.98;0;0;0;tigre;23
09/09/2023 03:26:32;102957;;;-;50.0;0;0;0;tigre;23
09/09/2023 03:26:59;102957;;;-;50.02;0;0;0;tigre;23
09/09/2023 03:27:25;102957;;;-;50.02;0;0;0;tigre;23
09/09/2023 03:27:52;102957;;;-;50.0;0;0;0;tigre;23
09/09/2023 03:28:19;102957;;;-;50.0;0;0;0;tigre;23
09/09/2023 03:28:46;102957;;;-;50.0;0;0;0;tigre;23
09/09/2023 03:29:13;102957;;;-;50.0;0;0;0;tigre;23
09/09/2023 03:29:40;102957;;;-;50.0;0;0;0;tigre;23
09/09/2023 03:30:07;102957;;;-;49.98;0;0;0;tigre;23
09/09/2023 03:30:34;102957;;;-;49.98;0;0;0;tigre;23
09/09/2023 03:31:01;102957;;;-;49.98;0;0;0;tigre;23
09/09/2023 03:31:28;102957;;;-;49.98;0;0;0;tigre;23
09/09/2023 03:31:54;102957;;;-;49.98;0;0;0;tigre;23
09/09/2023 03:32:21;102957;;;-;49.98;0;0;0;tigre;23
09/09/2023 03:32:48;102957;;;-;49.98;0;0;0;tigre;23
09/09/2023 03:33:15;102957;;;-;49.96;0;0;0;tigre;23
09/09/2023 03:33:42;102957;;;-;49.98;0;0;0;tigre;23
09/09/2023 03:34:09;102957;;;-;49.98;0;0;0;tigre;23
09/09/2023 03:34:36;102957;;;-;50.0;0;0;0;tigre;23
09/09/2023 03:35:03;102957;;;-;50.0;0;0;0;tigre;23
09/09/2023 03:35:29;102957;;;-;50.02;0;0;0;tigre;23
09/09/2023 03:35:56;102957;;;-;50.0;0;0;0;tigre;23
09/09/2023 03:36:24;102957;;;-;50.0;0;0;0;tigre;23
09/09/2023 03:36:51;102957;;;-;49.98;0;0;0;tigre;23
09/09/2023 03:37:17;102957;;;-;49.98;0;0;0;tigre;23
09/09/2023 03:37:44;102957;;;-;50.0;0;0;0;tigre;23
09/09/2023 03:38:11;102957;;;-;50.0;0;0;0;tigre;23
09/09/2023 03:38:38;102957;;;-;50.0;0;0;0;tigre;23
09/09/2023 03:39:05;102957;;;-;50.0;0;0;0;tigre;23
09/09/2023 03:39:32;102957;;;-;50.0;0;0;0;tigre;23
09/09/2023 03:39:59;102957;;;-;50.0;0;0;0;tigre;23
09/09/2023 03:40:26;102957;;;-;50.02;0;0;0;tigre;23
09/09/2023 03:40:52;102957;;;-;50.0;0;0;0;tigre;23
09/09/2023 03:41:19;102957;;;-;50.0;0;0;0;tigre;23
09/09/2023 03:41:46;102957;;;-;50.0;0;0;0;tigre;23
09/09/2023 03:42:13;102957;;;-;50.0;0;0;0;tigre;23
09/09/2023 03:42:40;102957;;;-;50.0;0;0;0;tigre;23
09/09/2023 03:43:07;102957;;;-;50.0;0;0;0;tigre;23
09/09/2023 03:43:34;102957;;;-;50.0;0;0;0;tigre;23
09/09/2023 03:44:01;102957;;;-;50.0;0;0;0;tigre;23
09/09/2023 03:44:28;102957;;;-;50.02;0;0;0;tigre;23
09/09/2023 03:44:55;102957;;;-;50.0;0;0;0;tigre;23
09/09/2023 03:45:21;102957;;;-;50.0;0;0;0;tigre;23
09/09/2023 03:45:48;102957;;;-;50.02;0;0;0;tigre;23
09/09/2023 03:46:15;102957;;;-;50.0;0;0;0;tigre;23
09/09/2023 03:46:42;102957;;;-;50.0;0;0;0;tigre;23
09/09/2023 03:47:09;102957;;;-;50.0;0;0;0;tigre;23
09/09/2023 03:47:36;102957;;;-;50.0;0;0;0;tigre;23
09/09/2023 03:48:03;102957;;;-;50.0;0;0;0;tigre;23
09/09/2023 03:48:29;102957;;;-;50.02;0;0;0;tigre;23
09/09/2023 03:48:56;102957;;;-;50.02;0;0;0;tigre;23
09/09/2023 03:49:23;102957;;;-;50.02;0;0;0;tigre;23
09/09/2023 03:49:50;102957;;;-;50.0;0;0;0;tigre;23
09/09/2023 03:50:17;102957;;;-;50.0;0;0;0;tigre;23
09/09/2023 03:50:44;102957;;;-;50.02;0;0;0;tigre;23
09/09/2023 03:51:11;102957;;;-;50.0;0;0;0;tigre;23
09/09/2023 03:51:38;102957;;;-;50.0;0;0;0;tigre;23
09/09/2023 03:52:05;102957;;;-;50.0;0;0;0;tigre;23
09/09/2023 03:52:32;102957;;;-;50.0;0;0;0;tigre;23
09/09/2023 03:52:59;102957;;;-;50.0;0;0;0;tigre;23
09/09/2023 03:53:26;102957;;;-;50.02;0;0;0;tigre;23
09/09/2023 03:53:53;102957;;;-;50.02;0;0;0;tigre;23
09/09/2023 03:54:20;102957;;;-;50.02;0;0;0;tigre;23
09/09/2023 03:54:47;102957;;;-;50.0;0;0;0;tigre;23
09/09/2023 03:55:14;102957;;;-;50.0;0;0;0;tigre;23
09/09/2023 03:55:41;102957;;;-;50.0;0;0;0;tigre;23
09/09/2023 03:56:08;102957;;;-;50.0;0;0;0;tigre;23
09/09/2023 03:56:34;102957;;;-;49.98;0;0;0;tigre;23
09/09/2023 03:57:01;102957;;;-;50.0;0;0;0;tigre;23
09/09/2023 03:57:28;102957;;;-;50.0;0;0;0;tigre;23
09/09/2023 03:57:55;102957;;;-;50.0;0;0;0;tigre;23
09/09/2023 03:58:22;102957;;;-;50.0;0;0;0;tigre;23
09/09/2023 03:58:49;102957;;;-;50.0;0;0;0;tigre;23
09/09/2023 03:59:16;102957;;;-;50.0;0;0;0;tigre;23
09/09/2023 03:59:42;102957;;;-;50.0;0;0;0;tigre;23
09/09/2023 04:00:09;102957;;;-;50.0;0;0;0;tigre;23
09/09/2023 04:00:36;102957;;;-;50.0;0;0;0;tigre;23
09/09/2023 04:01:03;102957;;;-;50.02;0;0;0;tigre;23
09/09/2023 04:01:30;102957;;;-;50.0;0;0;0;tigre;23
09/09/2023 04:01:57;102957;;;-;49.98;0;0;0;tigre;23
09/09/2023 04:02:24;102957;;;-;49.98;0;0;0;tigre;23
09/09/2023 04:02:51;102957;;;-;49.98;0;0;0;tigre;23
09/09/2023 04:03:18;102957;;;-;49.98;0;0;0;tigre;23
09/09/2023 04:03:45;102957;;;-;50.0;0;0;0;tigre;23
09/09/2023 04:04:11;102957;;;-;49.98;0;0;0;tigre;23
09/09/2023 04:04:38;102957;;;-;49.98;0;0;0;tigre;23
09/09/2023 04:05:05;102957;;;-;49.98;0;0;0;tigre;23
09/09/2023 04:05:32;102957;;;-;49.96;0;0;0;tigre;23
09/09/2023 04:05:59;102957;;;-;49.98;0;0;0;tigre;23
09/09/2023 04:06:26;102957;;;-;50.0;0;0;0;tigre;23
09/09/2023 04:06:54;102957;;;-;49.98;0;0;0;tigre;23
09/09/2023 04:07:20;102957;;;-;50.0;0;0;0;tigre;23
09/09/2023 04:07:47;102957;;;-;49.98;0;0;0;tigre;23
09/09/2023 04:08:14;102957;;;-;50.0;0;0;0;tigre;23
09/09/2023 04:08:41;102957;;;-;49.98;0;0;0;tigre;23
09/09/2023 04:09:08;102957;;;-;49.98;0;0;0;tigre;23
09/09/2023 04:09:35;102957;;;-;49.98;0;0;0;tigre;23
09/09/2023 04:10:02;102957;;;-;49.98;0;0;0;tigre;23
09/09/2023 04:10:29;102957;;;-;49.98;0;0;0;tigre;23
09/09/2023 04:10:56;102957;;;-;49.98;0;0;0;tigre;23
09/09/2023 04:11:23;102957;;;-;49.98;0;0;0;tigre;23
09/09/2023 04:11:50;102957;;;-;50.0;0;0;0;tigre;23
09/09/2023 04:12:16;102957;;;-;50.0;0;0;0;tigre;23
09/09/2023 04:12:43;102957;;;-;50.02;0;0;0;tigre;23
09/09/2023 04:13:10;102957;;;-;50.02;0;0;0;tigre;23
09/09/2023 04:13:37;102957;;;-;50.02;0;0;0;tigre;23
09/09/2023 04:14:04;102957;;;-;50.0;0;0;0;tigre;23
09/09/2023 04:14:31;102957;;;-;50.0;0;0;0;tigre;23
09/09/2023 04:14:58;102957;;;-;50.02;0;0;0;tigre;23
09/09/2023 04:15:25;102957;;;-;49.98;0;0;0;tigre;23
09/09/2023 04:15:52;102957;;;-;50.0;0;0;0;tigre;23
09/09/2023 04:16:19;102957;;;-;49.98;0;0;0;tigre;23
09/09/2023 04:16:46;102957;;;-;49.98;0;0;0;tigre;23
09/09/2023 04:17:12;102957;;;-;50.0;0;0;0;tigre;23
09/09/2023 04:17:39;102957;;;-;50.0;0;0;0;tigre;23
09/09/2023 04:18:06;102957;;;-;50.0;0;0;0;tigre;23
09/09/2023 04:18:33;102957;;;-;50.0;0;0;0;tigre;23
09/09/2023 04:19:00;102957;;;-;50.0;0;0;0;tigre;23
09/09/2023 04:19:27;102957;;;-;49.98;0;0;0;tigre;23
09/09/2023 04:19:54;102957;;;-;50.02;0;0;0;tigre;23
09/09/2023 04:20:21;102957;;;-;50.02;0;0;0;tigre;23
09/09/2023 04:20:48;102957;;;-;50.02;0;0;0;tigre;23
09/09/2023 04:21:15;102957;;;-;50.02;0;0;0;tigre;23
09/09/2023 04:21:42;102957;;;-;50.0;0;0;0;tigre;23
09/09/2023 04:22:09;102957;;;-;50.0;0;0;0;tigre;23
09/09/2023 04:22:36;102957;;;-;50.0;0;0;0;tigre;23
09/09/2023 04:23:03;102957;;;-;50.02;0;0;0;tigre;23
09/09/2023 04:23:29;102957;;;-;50.0;0;0;0;tigre;23
09/09/2023 04:23:56;102957;;;-;50.0;0;0;0;tigre;23
09/09/2023 04:24:23;102957;;;-;50.02;0;0;0;tigre;23
09/09/2023 04:24:50;102957;;;-;50.0;0;0;0;tigre;23
09/09/2023 04:25:17;102957;;;-;50.0;0;0;0;tigre;23
09/09/2023 04:25:44;102957;;;-;50.02;0;0;0;tigre;23
09/09/2023 04:26:11;102957;;;-;50.0;0;0;0;tigre;23
09/09/2023 04:26:38;102957;;;-;49.96;0;0;0;tigre;23
09/09/2023 04:27:05;102957;;;-;49.98;0;0;0;tigre;23
09/09/2023 04:27:32;102957;;;-;49.98;0;0;0;tigre;23
09/09/2023 04:27:59;102957;;;-;50.0;0;0;0;tigre;23
09/09/2023 04:28:26;102957;;;-;50.0;0;0;0;tigre;23
09/09/2023 04:28:53;102957;;;-;49.98;0;0;0;tigre;23
09/09/2023 04:29:19;102957;;;-;49.98;0;0;0;tigre;23
09/09/2023 04:29:46;102957;;;-;50.0;0;0;0;tigre;23
09/09/2023 04:30:13;102957;;;-;50.0;0;0;0;tigre;23
09/09/2023 04:30:40;102957;;;-;50.0;0;0;0;tigre;23
09/09/2023 04:31:07;102957;;;-;49.98;0;0;0;tigre;23
09/09/2023 04:31:34;102957;;;-;49.98;0;0;0;tigre;23
09/09/2023 04:32:01;102957;;;-;50.0;0;0;0;tigre;23
09/09/2023 04:32:28;102957;;;-;49.98;0;0;0;tigre;23
09/09/2023 04:32:55;102957;;;-;50.0;0;0;0;tigre;23
09/09/2023 04:33:21;102957;;;-;49.98;0;0;0;tigre;23
09/09/2023 04:33:48;102957;;;-;49.98;0;0;0;tigre;23
09/09/2023 04:34:15;102957;;;-;50.0;0;0;0;tigre;23
09/09/2023 04:34:42;102957;;;-;50.0;0;0;0;tigre;23
09/09/2023 04:35:09;102957;;;-;49.98;0;0;0;tigre;23
09/09/2023 04:35:36;102957;;;-;50.0;0;0;0;tigre;23
09/09/2023 04:36:03;102957;;;-;49.98;0;0;0;tigre;23
09/09/2023 04:36:30;102957;;;-;49.98;0;0;0;tigre;23
09/09/2023 04:36:57;102957;;;-;49.98;0;0;0;tigre;23
09/09/2023 04:37:24;102957;;;-;49.98;0;0;0;tigre;23
09/09/2023 04:37:51;102957;;;-;49.98;0;0;0;tigre;23
09/09/2023 04:38:17;102957;;;-;50.0;0;0;0;tigre;23
09/09/2023 04:38:44;102957;;;-;50.0;0;0;0;tigre;23
09/09/2023 04:39:11;102957;;;-;50.0;0;0;0;tigre;23
09/09/2023 04:39:38;102957;;;-;49.98;0;0;0;tigre;23
09/09/2023 04:40:05;102957;;;-;50.0;0;0;0;tigre;23
09/09/2023 04:40:32;102957;;;-;50.0;0;0;0;tigre;23
09/09/2023 04:40:59;102957;;;-;50.0;0;0;0;tigre;23
09/09/2023 04:41:26;102957;;;-;50.0;0;0;0;tigre;23
09/09/2023 04:41:53;102957;;;-;50.0;0;0;0;tigre;23
09/09/2023 04:42:19;102957;;;-;50.0;0;0;0;tigre;23
09/09/2023 04:42:46;102957;;;-;49.98;0;0;0;tigre;23
09/09/2023 04:43:13;102957;;;-;49.98;0;0;0;tigre;23
09/09/2023 04:43:40;102957;;;-;50.0;0;0;0;tigre;23
09/09/2023 04:44:07;102957;;;-;50.0;0;0;0;tigre;23
09/09/2023 04:44:34;102957;;;-;49.98;0;0;0;tigre;23
09/09/2023 04:45:01;102957;;;-;49.98;0;0;0;tigre;23
09/09/2023 04:45:28;102957;;;-;50.0;0;0;0;tigre;23
09/09/2023 04:45:55;102957;;;-;50.0;0;0;0;tigre;23
09/09/2023 04:46:21;102957;;;-;50.0;0;0;0;tigre;23
09/09/2023 04:46:48;102957;;;-;50.0;0;0;0;tigre;23
09/09/2023 04:47:15;102957;;;-;50.0;0;0;0;tigre;23
09/09/2023 04:47:42;102957;;;-;50.0;0;0;0;tigre;23
09/09/2023 04:48:09;102957;;;-;50.0;0;0;0;tigre;23
09/09/2023 04:48:36;102957;;;-;50.02;0;0;0;tigre;23
09/09/2023 04:49:03;102957;;;-;50.0;0;0;0;tigre;23
09/09/2023 04:49:30;102957;;;-;50.0;0;0;0;tigre;23
09/09/2023 04:49:57;102957;;;-;50.0;0;0;0;tigre;23
09/09/2023 04:50:24;102957;;;-;50.0;0;0;0;tigre;23
09/09/2023 04:50:51;102957;;;-;49.98;0;0;0;tigre;23
09/09/2023 04:51:18;102957;;;-;49.98;0;0;0;tigre;23
09/09/2023 04:51:45;102957;;;-;50.0;0;0;0;tigre;23
09/09/2023 04:52:11;102957;;;-;50.0;0;0;0;tigre;23
09/09/2023 04:52:38;102957;;;-;49.98;0;0;0;tigre;23
09/09/2023 04:53:05;102957;;;-;50.0;0;0;0;tigre;23
09/09/2023 04:53:32;102957;;;-;50.0;0;0;0;tigre;23
09/09/2023 04:53:59;102957;;;-;50.0;0;0;0;tigre;23
09/09/2023 04:54:26;102957;;;-;50.0;0;0;0;tigre;23
09/09/2023 04:54:53;102957;;;-;50.02;0;0;0;tigre;23
09/09/2023 04:55:20;102957;;;-;50.0;0;0;0;tigre;23
09/09/2023 04:55:47;102957;;;-;50.0;0;0;0;tigre;23
09/09/2023 04:56:14;102957;;;-;50.0;0;0;0;tigre;23
09/09/2023 04:56:40;102957;;;-;50.02;0;0;0;tigre;23
09/09/2023 04:57:07;102957;;;-;50.02;0;0;0;tigre;23
09/09/2023 04:57:34;102957;;;-;50.0;0;0;0;tigre;23
09/09/2023 04:58:01;102957;;;-;50.0;0;0;0;tigre;23
09/09/2023 04:58:28;102957;;;-;50.0;0;0;0;tigre;23
09/09/2023 04:58:55;102957;;;-;50.02;0;0;0;tigre;23
09/09/2023 04:59:22;102957;;;-;50.0;0;0;0;tigre;23
09/09/2023 04:59:49;102957;;;-;50.02;0;0;0;tigre;23
09/09/2023 05:00:16;102957;;;-;49.98;0;0;0;tigre;23
09/09/2023 05:00:43;102957;;;-;49.98;0;0;0;tigre;23
09/09/2023 05:01:10;102957;;;-;49.98;0;0;0;tigre;23
09/09/2023 05:01:37;102957;;;-;49.98;0;0;0;tigre;23
09/09/2023 05:02:04;102957;;;-;49.98;0;0;0;tigre;23
09/09/2023 05:02:30;102957;;;-;49.98;0;0;0;tigre;23
09/09/2023 05:02:57;102957;;;-;49.98;0;0;0;tigre;23
09/09/2023 05:03:24;102957;;;-;49.96;0;0;0;tigre;23
09/09/2023 05:03:51;102957;;;-;49.98;0;0;0;tigre;23
09/09/2023 05:04:18;102957;;;-;50.0;0;0;0;tigre;23
09/09/2023 05:04:45;102957;;;-;50.0;0;0;0;tigre;23
09/09/2023 05:05:11;102957;;;-;49.98;0;0;0;tigre;23
09/09/2023 05:05:38;102957;;;-;50.0;0;0;0;tigre;23
09/09/2023 05:06:05;102957;;;-;50.0;0;0;0;tigre;23
09/09/2023 05:06:32;102957;;;-;49.98;0;0;0;tigre;23
09/09/2023 05:06:59;102957;;;-;49.98;0;0;0;tigre;23
09/09/2023 05:07:26;102957;;;-;49.98;0;0;0;tigre;23
09/09/2023 05:07:53;102957;;;-;50.0;0;0;0;tigre;23
09/09/2023 05:08:20;102957;;;-;49.98;0;0;0;tigre;23
09/09/2023 05:08:47;102957;;;-;50.0;0;0;0;tigre;23
09/09/2023 05:09:14;102957;;;-;49.98;0;0;0;tigre;23
09/09/2023 05:09:41;102957;;;-;49.98;0;0;0;tigre;23
09/09/2023 05:10:08;102957;;;-;49.98;0;0;0;tigre;23
09/09/2023 05:10:35;102957;;;-;50.0;0;0;0;tigre;23
09/09/2023 05:11:02;102957;;;-;49.98;0;0;0;tigre;23
09/09/2023 05:11:29;102957;;;-;49.98;0;0;0;tigre;23
09/09/2023 05:11:55;102957;;;-;49.98;0;0;0;tigre;23
09/09/2023 05:12:22;102957;;;-;49.98;0;0;0;tigre;23
09/09/2023 05:12:49;102957;;;-;49.98;0;0;0;tigre;23
09/09/2023 05:13:16;102957;;;-;50.0;0;0;0;tigre;23
09/09/2023 05:13:43;102957;;;-;50.0;0;0;0;tigre;23
09/09/2023 05:14:10;102957;;;-;50.0;0;0;0;tigre;23
09/09/2023 05:14:37;102957;;;-;50.0;0;0;0;tigre;23
09/09/2023 05:15:04;102957;;;-;50.02;0;0;0;tigre;23
09/09/2023 05:15:31;102957;;;-;49.98;0;0;0;tigre;23
09/09/2023 05:15:58;102957;;;-;50.0;0;0;0;tigre;23
09/09/2023 05:16:24;102957;;;-;49.98;0;0;0;tigre;23
09/09/2023 05:16:51;102957;;;-;49.98;0;0;0;tigre;23
09/09/2023 05:17:18;102957;;;-;50.02;0;0;0;tigre;23
09/09/2023 05:17:45;102957;;;-;50.0;0;0;0;tigre;23
09/09/2023 05:18:12;102957;;;-;50.0;0;0;0;tigre;23
09/09/2023 05:18:39;102957;;;-;50.0;0;0;0;tigre;23
09/09/2023 05:19:06;102957;;;-;50.0;0;0;0;tigre;23
09/09/2023 05:19:33;102957;;;-;50.02;0;0;0;tigre;23
09/09/2023 05:19:59;102957;;;-;50.0;0;0;0;tigre;23
09/09/2023 05:20:26;102957;;;-;50.02;0;0;0;tigre;23
09/09/2023 05:20:53;102957;;;-;50.02;0;0;0;tigre;23
09/09/2023 05:21:20;102957;;;-;50.0;0;0;0;tigre;23
09/09/2023 05:21:47;102957;;;-;50.0;0;0;0;tigre;23
09/09/2023 05:22:14;102957;;;-;49.98;0;0;0;tigre;23
09/09/2023 05:22:42;102957;;;-;49.98;0;0;0;tigre;23
09/09/2023 05:23:08;102957;;;-;50.0;0;0;0;tigre;23
09/09/2023 05:23:35;102957;;;-;49.98;0;0;0;tigre;23
09/09/2023 05:24:02;102957;;;-;50.02;0;0;0;tigre;23
09/09/2023 05:24:29;102957;;;-;50.0;0;0;0;tigre;23
09/09/2023 05:24:56;102957;;;-;50.0;0;0;0;tigre;23
09/09/2023 05:25:23;102957;;;-;50.0;0;0;0;tigre;23
09/09/2023 05:25:50;102957;;;-;50.0;0;0;0;tigre;23
09/09/2023 05:26:17;102957;;;-;50.0;0;0;0;tigre;23
09/09/2023 05:26:44;102957;;;-;49.98;0;0;0;tigre;23
09/09/2023 05:27:10;102957;;;-;50.0;0;0;0;tigre;23
09/09/2023 05:27:37;102957;;;-;50.02;0;0;0;tigre;23
09/09/2023 05:28:04;102957;;;-;50.0;0;0;0;tigre;23
09/09/2023 05:28:31;102957;;;-;50.02;0;0;0;tigre;23
09/09/2023 05:28:58;102957;;;-;50.02;0;0;0;tigre;23
09/09/2023 05:29:25;102957;;;-;50.02;0;0;0;tigre;23
09/09/2023 05:29:52;102957;;;-;50.02;0;0;0;tigre;23
09/09/2023 05:30:19;102957;;;-;50.0;0;0;0;tigre;23
09/09/2023 05:30:45;102957;;;-;50.0;0;0;0;tigre;23
09/09/2023 05:31:12;102957;;;-;50.0;0;0;0;tigre;23
09/09/2023 05:31:39;102957;;;-;50.0;0;0;0;tigre;23
09/09/2023 05:32:06;102957;;;-;49.98;0;0;0;tigre;23
09/09/2023 05:32:33;102957;;;-;50.0;0;0;0;tigre;23
09/09/2023 05:33:00;102957;;;-;50.0;0;0;0;tigre;23
09/09/2023 05:33:27;102957;;;-;50.0;0;0;0;tigre;23
09/09/2023 05:33:54;102957;;;-;50.0;0;0;0;tigre;23
09/09/2023 05:34:21;102957;;;-;50.0;0;0;0;tigre;23
09/09/2023 05:34:48;102957;;;-;50.0;0;0;0;tigre;23
09/09/2023 05:35:15;102957;;;-;50.0;0;0;0;tigre;23
09/09/2023 05:35:42;102957;;;-;49.98;0;0;0;tigre;23
09/09/2023 05:36:08;102957;;;-;50.0;0;0;0;tigre;23
09/09/2023 05:36:35;102957;;;-;50.0;0;0;0;tigre;23
09/09/2023 05:37:02;102957;;;-;50.0;0;0;0;tigre;23
09/09/2023 05:37:29;102957;;;-;50.0;0;0;0;tigre;23
09/09/2023 05:37:56;102957;;;-;50.0;0;0;0;tigre;23
09/09/2023 05:38:23;102957;;;-;50.0;0;0;0;tigre;23
09/09/2023 05:38:50;102957;;;-;50.0;0;0;0;tigre;23
09/09/2023 05:39:17;102957;;;-;50.0;0;0;0;tigre;23
09/09/2023 05:39:44;102957;;;-;50.0;0;0;0;tigre;23
09/09/2023 05:40:11;102957;;;-;50.0;0;0;0;tigre;23
09/09/2023 05:40:38;102957;;;-;50.02;0;0;0;tigre;23
09/09/2023 05:41:05;102957;;;-;50.0;0;0;0;tigre;23
09/09/2023 05:41:32;102957;;;-;49.98;0;0;0;tigre;23
09/09/2023 05:41:59;102957;;;-;50.0;0;0;0;tigre;23
09/09/2023 05:42:26;102957;;;-;50.0;0;0;0;tigre;23
09/09/2023 05:42:52;102957;;;-;50.0;0;0;0;tigre;23
09/09/2023 05:43:19;102957;;;-;50.0;0;0;0;tigre;23
09/09/2023 05:43:46;102957;;;-;50.0;0;0;0;tigre;23
09/09/2023 05:44:13;102957;;;-;50.02;0;0;0;tigre;23
09/09/2023 05:44:40;102957;;;-;50.0;0;0;0;tigre;23
09/09/2023 05:45:07;102957;;;-;49.98;0;0;0;tigre;23
09/09/2023 05:45:34;102957;;;-;50.0;0;0;0;tigre;23
09/09/2023 05:46:01;102957;;;-;50.02;0;0;0;tigre;23
09/09/2023 05:46:28;102957;;;-;50.0;0;0;0;tigre;23
09/09/2023 05:46:55;102957;;;-;50.0;0;0;0;tigre;23
09/09/2023 05:47:21;102957;;;-;50.0;0;0;0;tigre;23
09/09/2023 05:47:48;102957;;;-;50.0;0;0;0;tigre;23
09/09/2023 05:48:15;102957;;;-;49.98;0;0;0;tigre;23
09/09/2023 05:48:42;102957;;;-;50.0;0;0;0;tigre;23
09/09/2023 05:49:09;102957;;;-;50.0;0;0;0;tigre;23
09/09/2023 05:49:36;102957;;;-;50.0;0;0;0;tigre;23
09/09/2023 05:50:03;102957;;;-;50.0;0;0;0;tigre;23
09/09/2023 05:50:30;102957;;;-;49.98;0;0;0;tigre;23
09/09/2023 05:50:57;102957;;;-;49.98;0;0;0;tigre;23
09/09/2023 05:51:23;102957;;;-;50.02;0;0;0;tigre;23
09/09/2023 05:51:50;102957;;;-;50.02;0;0;0;tigre;23
09/09/2023 05:52:17;102957;;;-;50.0;0;0;0;tigre;23
09/09/2023 05:52:44;102957;;;-;50.0;0;0;0;tigre;23
09/09/2023 05:53:11;102957;;;-;49.98;0;0;0;tigre;23
09/09/2023 05:53:38;102957;;;-;49.98;0;0;0;tigre;23
09/09/2023 05:54:05;102957;;;-;49.98;0;0;0;tigre;23
09/09/2023 05:54:32;102957;;;-;49.98;0;0;0;tigre;23
09/09/2023 05:54:59;102957;;;-;49.98;0;0;0;tigre;23
09/09/2023 05:55:26;102957;;;-;50.0;0;0;0;tigre;23
09/09/2023 05:55:53;102957;;;-;49.98;0;0;0;tigre;23
09/09/2023 05:56:19;102957;;;-;49.98;0;0;0;tigre;23
09/09/2023 05:56:46;102957;;;-;49.98;0;0;0;tigre;23
09/09/2023 05:57:13;102957;;;-;49.98;0;0;0;tigre;23
09/09/2023 05:57:40;102957;;;-;49.98;0;0;0;tigre;23
09/09/2023 05:58:07;102957;;;-;50.02;0;0;0;tigre;23
09/09/2023 05:58:34;102957;;;-;50.0;0;0;0;tigre;23
09/09/2023 05:59:01;102957;;;-;50.0;0;0;0;tigre;23
09/09/2023 05:59:28;102957;;;-;50.0;0;0;0;tigre;23
09/09/2023 05:59:55;102957;;;-;50.02;0;0;0;tigre;23
09/09/2023 06:00:22;102957;;;-;50.0;0;0;0;tigre;23
09/09/2023 06:00:49;102957;;;-;50.0;0;0;0;tigre;23
09/09/2023 06:01:16;102957;;;-;50.0;0;0;0;tigre;23
09/09/2023 06:01:43;102957;;;-;50.0;0;0;0;tigre;23
09/09/2023 06:02:09;102957;;;-;49.98;0;0;0;tigre;23
09/09/2023 06:02:36;102957;;;-;49.98;0;0;0;tigre;23
09/09/2023 06:03:03;102957;;;-;50.0;0;0;0;tigre;23
09/09/2023 06:03:30;102957;;;-;49.98;0;0;0;tigre;23
09/09/2023 06:03:57;102957;;;-;50.0;0;0;0;tigre;23
09/09/2023 06:04:24;102957;;;-;50.0;0;0;0;tigre;23
09/09/2023 06:04:51;102957;;;-;50.0;0;0;0;tigre;23
09/09/2023 06:05:17;102957;;;-;50.0;0;0;0;tigre;23
09/09/2023 06:05:44;102957;;;-;50.0;0;0;0;tigre;23
09/09/2023 06:06:11;102957;;;-;50.0;0;0;0;tigre;23
09/09/2023 06:06:38;102957;;;-;50.0;0;0;0;tigre;23
09/09/2023 06:07:05;102957;;;-;50.0;0;0;0;tigre;23
09/09/2023 06:07:32;102957;;;-;49.98;0;0;0;tigre;23
09/09/2023 06:07:59;102957;;;-;50.0;0;0;0;tigre;23
